open,high,low,close,volume,prior_high,50ma,next_close
118.61,118.85,118.02,118.66,33628268,122.47,44278648.0,117.62
97.62,98.02,97.26,97.48,37023900,98.39,54572008.0,96.69
106.7,110.23,106.6,109.99,58840522,117.69,40274778.0,109.95
122.32,123.33,122.05,122.19,34694235,124.93,50083182.0,125.04
116.62,116.64,115.35,115.46,21388308,120.05,47647343.0,115.25
113.14,113.61,110.91,110.91,146477063,109.77,53397780.0,114.36
93.76,94.04,92.76,93.84,48951000,94.55,47355906.0,94.96
87.05,87.54,86.4,86.59,105032200,88.19,95754638.0,86.67
125.05,126.08,123.85,124.28,50988278,128.71,52249894.0,121.48
71.84,72.06,70.83,70.87,59913000,73.73,69118504.0,70.34
106.92,108.87,106.55,108.43,34143898,117.69,39350111.0,105.71
113.98,114.55,113.12,114.12,51915749,115.37,55516446.0,115.0
90.91,91.89,90.12,90.48,46711000,94.55,54140558.0,90.73
54.49,56.04,54.42,55.62,117466300,60.42,107208374.0,55.93
109.81,109.83,108.55,108.71,30467204,108.68,64499945.0,108.89
101.75,103.36,101.74,103.25,39869839,99.37,35799743.0,103.12
116.39,117.25,115.25,115.71,32084249,116.52,45063388.0,115.66
68.92,70.69,68.47,69.55,157621100,72.27,153813030.0,71.07
118.47,119.16,118.0,118.42,33042283,115.37,52441797.0,117.95
96.93,97.87,96.8,97.36,62626100,98.39,53673344.0,97.33
80.19,80.44,79.84,80.22,47878600,73.73,68110182.0,81.36
104.94,106.48,104.87,106.25,32657354,109.77,44033606.0,105.68
103.17,103.26,101.67,101.87,92344820,99.37,35940685.0,103.25
112.68,112.88,110.4,110.72,46886161,116.52,43136417.0,110.03
72.13,72.37,71.02,71.11,69696200,74.46,89095202.0,71.42
116.5,117.14,116.4,117.05,23538673,117.69,35587565.0,117.65
107.15,109.43,106.3,109.43,61888812,110.87,60563848.0,107.51
75.08,75.08,72.8,73.64,160688500,72.27,148049678.0,73.74
78.14,78.31,77.34,77.56,107622200,78.26,142980138.0,78.98
77.87,78.01,75.11,75.38,149843400,82.26,126317758.0,76.4
113.12,113.76,112.55,113.31,28779313,115.37,35389997.0,113.48
67.56,67.64,66.66,67.29,61051900,57.49,85194536.0,67.03
62.21,62.72,61.43,61.84,83714400,57.49,80729712.0,61.8
122.19,122.46,119.14,119.14,51655177,123.69,60360475.0,119.97
67.0,68.26,66.96,67.29,82741400,57.49,85174530.0,65.37
104.73,104.86,103.16,104.01,41574365,97.42,63416474.0,104.26
93.82,94.96,91.15,93.41,100933600,97.42,59029891.0,92.19
127.25,127.46,125.96,126.33,50884452,124.93,47266173.0,126.58
81.58,82.58,81.12,82.46,160324500,80.63,154974008.0,82.79
56.26,58.2,55.68,57.76,150801000,61.03,117458670.0,57.59
107.14,107.19,103.25,105.16,53204626,109.77,47081491.0,102.2
61.36,62.05,60.97,61.21,125283900,63.51,135582664.0,60.89
78.01,78.97,75.73,78.85,204165500,78.26,138824658.0,78.4
112.39,114.24,112.17,114.1,47450824,97.42,54491986.0,113.11
125.55,128.43,125.2,128.43,70974110,115.37,56667486.0,127.63
125.65,126.62,125.0,125.44,38450118,124.93,46269323.0,124.75
70.22,72.02,70.13,71.62,86389800,75.21,92925112.0,72.56
123.26,123.72,121.65,121.68,35012268,123.69,57721358.0,121.28
113.98,115.91,113.8,115.0,70149743,115.37,56051530.0,115.82
64.97,65.8,64.72,65.5,72296000,66.08,96171838.0,64.68
107.82,110.15,107.74,109.64,33720951,109.77,50289232.0,109.56
104.73,105.31,104.16,104.38,25703495,96.45,45734276.0,103.93
91.74,92.25,89.5,90.86,65222000,89.96,64362088.0,90.9
80.14,80.21,78.46,78.96,96125400,79.05,103280478.0,79.09
70.86,71.2,70.58,70.65,79480100,71.56,89875758.0,69.79
78.18,78.8,77.65,77.96,90324500,82.26,127384488.0,75.38
108.91,109.01,108.17,108.25,26028419,109.77,52617664.0,107.74
81.04,81.33,80.42,80.79,72611700,79.05,99106098.0,80.66
107.12,107.96,106.39,106.87,23581740,109.77,36966223.0,107.23
113.07,113.65,112.62,112.96,26419398,117.69,37202263.0,110.92
91.35,92.33,91.15,91.91,42810000,89.96,58883328.0,90.84
66.93,66.99,66.05,66.26,59091900,68.09,83966344.0,66.66
78.44,79.46,78.1,79.09,83039600,79.05,101466918.0,80.12
83.58,83.9,82.33,82.67,119156100,89.07,114889768.0,79.69
63.85,64.44,63.47,63.79,65039100,66.08,95842460.0,65.29
75.09,75.26,73.54,73.55,132498100,79.84,178286556.0,74.1
61.76,62.56,61.43,62.4,79713900,57.49,80436258.0,61.84
95.08,96.59,94.57,96.5,44863243,94.55,52537282.0,94.68
89.71,91.47,89.67,91.45,56468000,89.96,65009024.0,90.86
113.44,114.56,113.33,114.46,40831886,97.42,54131220.0,114.39
87.39,87.91,86.41,86.93,144125800,91.77,105077518.0,89.04
60.01,60.86,60.01,60.44,79237200,57.49,116906188.0,59.0
70.54,70.63,69.74,70.1,55843900,71.56,91481712.0,68.97
120.53,120.82,118.87,119.98,40621437,123.69,58609573.0,121.01
79.21,79.45,77.8,78.01,182759500,80.63,152868002.0,80.5
113.73,113.98,112.93,113.48,24358443,115.37,35079769.0,115.46
110.68,111.74,110.36,111.36,35756716,113.1,63329830.0,112.02
95.58,96.98,94.71,96.59,66818200,98.39,54646842.0,97.28
65.1,65.91,64.94,65.26,78073100,66.08,95533494.0,64.35
55.77,56.46,55.59,55.92,70351400,60.42,97328028.0,56.79
58.58,58.67,57.93,58.28,57373400,57.49,88415768.0,58.62
108.01,108.2,107.13,107.48,23675081,99.37,33430053.0,107.02
112.13,112.47,111.71,111.94,21701760,115.37,37569963.0,112.42
69.58,69.6,68.12,68.49,120422400,71.56,157317454.0,68.18
75.09,75.94,74.13,74.18,118136200,71.56,78521296.0,76.21
103.1,103.46,102.6,103.12,27733688,99.37,35513169.0,104.94
108.3,108.54,107.3,107.96,25820230,99.37,33930447.0,108.29
110.9,111.6,109.52,109.52,50782189,113.1,64152175.0,106.23
113.86,114.13,109.82,111.16,124138623,122.47,46583014.0,111.9
109.17,110.09,108.85,109.9,26527997,117.69,33618985.0,109.11
57.86,58.62,57.73,58.62,50038100,57.49,85708462.0,59.52
109.07,109.67,108.65,108.82,33794448,99.37,33991304.0,108.66
97.64,98.7,97.08,98.58,38642108,109.77,39947054.0,99.36
78.31,80.52,78.12,80.5,149587900,80.63,153789888.0,81.89
113.9,116.21,113.05,116.18,85551352,115.37,60371123.0,117.4
103.71,104.73,103.67,104.68,30202641,99.37,35547176.0,105.33
94.36,96.49,94.24,96.49,62370501,98.39,57287554.0,95.88
125.17,125.69,124.42,125.69,46164710,126.18,42485176.0,128.06
105.6,106.25,105.08,106.18,26701523,108.68,32191914.0,107.18
68.47,69.31,67.57,68.16,266380800,75.21,86117024.0,67.39
109.57,109.86,107.19,107.51,53233940,110.87,60522909.0,106.44
90.23,90.43,89.69,90.26,55197000,91.77,56604640.0,92.62
59.8,59.96,58.6,58.67,96536300,61.03,115660608.0,59.14
108.52,108.81,106.0,106.17,41403351,109.77,47909877.0,105.16
53.34,53.92,52.66,53.63,166059600,57.49,112562772.0,53.54
97.21,97.26,94.51,94.68,39020983,94.55,52162162.0,94.46
92.39,92.47,90.89,91.75,43699886,109.77,38159101.0,91.82
75.33,79.37,74.42,79.34,256382000,83.08,172954068.0,79.16
96.04,99.11,95.82,98.88,50407147,96.45,50494790.0,99.09
120.29,120.42,118.69,119.02,39546151,123.69,59781885.0,122.03
98.56,99.35,97.79,98.82,42307212,109.77,40308059.0,97.43
72.89,73.17,72.44,73.0,88925200,73.0,82900216.0,73.78
92.29,93.24,92.09,93.08,43469000,91.77,57550210.0,94.36
91.51,93.59,91.37,92.19,72154523,97.42,59701822.0,93.54
92.03,92.79,91.62,91.82,32936436,109.77,38238007.0,92.44
58.6,59.24,58.53,59.17,69041700,61.03,116949686.0,58.67
56.69,57.25,56.38,57.18,54134500,60.42,92741698.0,57.2
85.97,86.43,85.43,86.11,36869000,89.96,70690896.0,86.62
93.81,94.06,93.08,93.53,33010000,91.77,56055342.0,91.1
92.41,105.98,89.61,100.45,162206292,114.23,55158105.0,101.05
114.5,115.54,113.55,113.75,33386563,120.05,45277336.0,112.69
57.08,57.12,56.55,56.66,51949100,60.42,87956232.0,55.69
110.86,112.43,110.6,112.12,27068316,111.98,33238744.0,113.95
57.6,57.8,57.24,57.39,54719700,60.42,89929070.0,56.48
107.15,107.45,106.27,107.18,26802450,108.68,32083159.0,107.15
110.44,111.22,109.6,110.46,50346159,113.1,63250059.0,111.36
118.88,118.92,117.24,117.62,42884953,122.47,44407249.0,114.85
96.43,97.71,96.06,96.47,66331592,98.39,57553821.0,95.59
125.26,126.23,124.58,124.69,35390887,128.71,46087137.0,123.31
95.81,96.94,95.41,95.66,56239822,99.37,35318984.0,101.87
108.02,109.41,107.28,108.67,46464828,108.68,50122715.0,108.78
58.29,60.4,58.26,60.17,151549300,63.51,137737740.0,60.01
79.77,79.95,78.55,78.63,99367800,80.63,104461784.0,78.57
71.89,72.11,71.45,71.92,64785000,74.46,87382162.0,72.07
74.4,74.51,72.73,72.8,98116900,76.72,78810466.0,73.2
107.18,108.5,104.76,106.02,67091928,108.68,47834048.0,105.61
113.29,115.0,112.49,113.3,26374377,111.98,33008962.0,115.19
80.38,80.68,79.81,80.19,84344400,73.73,68048554.0,79.89
126.73,126.91,125.71,126.13,44633240,124.93,48670655.0,126.12
88.61,89.19,88.31,88.92,82416600,88.19,96576620.0,86.61
107.32,108.98,104.58,104.93,76845860,110.87,59931449.0,109.43
69.52,70.58,69.17,70.23,88540900,71.56,92852564.0,69.93
121.52,121.93,120.14,120.72,42162332,128.71,44882930.0,119.05
109.26,111.19,109.16,111.03,29998719,111.98,33290199.0,112.12
79.03,79.33,77.88,78.19,141283100,79.84,106063594.0,74.82
108.89,111.25,108.86,111.25,49915473,110.87,62580573.0,112.32
113.55,114.62,111.65,114.1,62739100,115.37,55315514.0,114.12
97.22,97.8,95.9,96.32,40382921,99.37,35082043.0,95.66
114.72,114.84,113.55,114.39,24814402,97.42,53887031.0,110.68
80.58,80.86,79.57,80.19,70716100,73.73,68834430.0,80.05
114.48,115.72,114.36,115.61,38889797,115.37,55078971.0,117.83
79.48,79.57,78.48,78.98,73406200,80.63,106216992.0,78.89
79.38,79.41,75.24,75.49,262696700,83.08,169259426.0,79.34
96.14,96.27,94.4,94.57,63688562,97.42,58129879.0,93.41
98.66,98.66,96.99,98.14,94623904,97.42,62005019.0,98.63
65.97,66.98,65.2,65.37,82982200,68.09,85033886.0,66.72
102.89,104.56,102.87,104.23,38303493,96.45,48806352.0,104.06
115.8,117.38,115.75,116.64,27779423,111.98,34416788.0,116.95
80.32,81.31,80.06,81.01,75525800,79.05,99296400.0,80.79
94.42,97.09,94.1,96.21,114602142,109.77,35617877.0,93.27
54.15,54.32,52.91,53.5,120186500,60.42,111284740.0,53.52
62.59,63.22,61.83,62.72,158289600,60.42,151022270.0,63.37
57.34,57.91,57.2,57.42,64853600,60.42,109910780.0,57.39
116.52,117.8,116.49,117.26,18296855,111.98,32319427.0,116.76
108.21,109.13,107.81,108.8,25368072,99.37,34048301.0,107.96
127.22,127.41,126.11,126.58,32112797,124.93,46992239.0,126.02
69.91,70.27,69.78,69.95,55931400,71.56,82116188.0,70.48
114.28,114.7,107.02,110.68,83814037,114.23,54146541.0,110.26
112.88,113.19,109.96,110.92,43825812,117.69,37562374.0,111.02
93.22,94.57,92.96,94.36,55318000,91.77,57502340.0,93.75
69.05,69.52,68.75,69.38,64441300,75.21,92499386.0,70.35
74.34,74.75,73.82,74.43,69134100,76.72,131489960.0,74.76
108.54,108.81,107.79,108.66,25355976,99.37,34050235.0,108.52
106.08,106.89,105.75,106.27,24970300,99.37,32550904.0,105.46
89.45,89.64,88.71,89.08,28465000,89.96,69196086.0,89.61
80.11,80.42,78.85,79.37,226444400,80.63,186766230.0,79.08
72.65,72.88,69.58,70.0,196760200,77.49,153543124.0,69.55
87.97,88.64,87.66,88.38,97799100,88.19,95943274.0,88.92
73.95,74.02,73.17,73.27,80077200,76.72,79893898.0,73.88
113.73,114.28,113.13,113.2,32525579,120.05,50894087.0,109.9
97.98,98.52,97.65,97.9,20848131,99.37,40188757.0,98.61
107.95,109.53,107.81,108.89,33049256,108.68,63761411.0,107.35
104.59,104.75,103.46,104.18,44205171,96.45,47893902.0,104.17
109.3,111.34,108.97,110.51,74285291,113.1,63294596.0,112.22
121.76,122.3,121.07,121.62,44370682,126.18,47112100.0,122.76
108.42,109.15,107.4,109.13,26404077,96.45,40027484.0,106.75
53.52,54.8,53.33,54.39,97763400,60.42,107008650.0,55.62
115.9,116.1,115.15,115.82,42246245,115.37,55752869.0,114.84
103.32,105.04,103.32,104.94,38167871,99.37,35667684.0,103.39
115.38,116.73,115.23,115.82,46524544,111.98,34036932.0,115.97
106.14,107.59,105.7,106.44,49996311,109.77,60884074.0,109.4
96.05,97.18,95.95,97.03,44102400,94.55,45773450.0,97.24
76.69,76.96,76.17,76.39,41888700,76.72,81379074.0,75.89
103.64,105.63,103.44,104.77,52282550,97.42,63387881.0,104.01
94.67,95.86,93.65,93.97,85594800,98.39,48271170.0,94.78
115.08,115.13,112.58,113.1,46361357,116.52,44193853.0,113.64
96.75,98.23,96.44,97.81,46827400,94.55,45779048.0,97.92
86.18,87.49,85.67,86.67,109335100,88.19,96213474.0,88.3
64.73,64.85,64.32,64.59,57010100,67.41,95885286.0,63.79
60.4,60.43,59.36,59.69,77165200,63.51,136522470.0,59.78
91.6,94.12,91.51,93.45,54021375,95.5,50785311.0,93.43
57.57,57.68,56.4,56.48,67180400,60.42,88909688.0,56.66
122.37,123.24,121.27,121.36,50999452,128.71,44733568.0,120.72
108.13,108.19,104.87,104.98,95568749,109.77,51658696.0,110.91
113.24,113.52,112.45,113.39,37173489,110.87,63313771.0,110.97
111.36,112.5,111.14,112.5,41654089,108.68,58086609.0,115.99
106.1,106.22,104.48,105.15,32384879,109.77,35331549.0,105.37
123.37,124.42,123.36,124.0,35407220,126.18,46053488.0,122.76
118.55,120.63,118.29,120.59,73561797,115.37,56477451.0,122.12
61.97,62.4,61.63,62.17,114215500,67.41,89640642.0,63.19
57.15,57.39,56.84,57.11,75968900,63.51,136054366.0,58.58
92.59,92.86,90.84,91.1,56843000,94.55,56018022.0,91.61
111.56,111.65,110.27,110.61,38318895,114.23,52297078.0,108.11
93.56,93.71,92.04,92.51,46916939,109.77,39309416.0,93.57
66.8,67.61,66.26,67.48,215377400,72.27,148547322.0,59.14
108.23,108.23,100.82,101.05,103601599,114.23,56350358.0,106.84
105.26,105.96,104.96,105.46,24863945,108.68,32359945.0,105.56
87.14,87.54,85.73,87.53,178058300,89.07,99575546.0,89.25
91.42,93.4,90.69,92.9,61259756,109.77,39089394.0,92.51
65.55,65.64,64.29,64.35,72729300,66.08,95747792.0,65.1
112.69,113.06,109.83,109.9,45812403,120.05,50745657.0,111.69
111.13,111.87,110.95,111.79,11475922,117.69,35079016.0,111.57
108.88,109.1,107.66,108.16,39232609,108.68,60680258.0,108.83
73.29,73.44,72.79,72.94,40586000,73.0,77623476.0,72.0
104.68,104.7,102.54,102.97,40912316,106.54,42778862.0,103.06
74.75,75.57,74.17,74.82,219328200,79.05,108687026.0,74.8
121.79,123.03,121.04,122.05,48160032,124.93,50145623.0,122.19
67.38,67.85,67.06,67.21,83969900,57.49,85299634.0,67.29
89.7,90.3,89.07,89.44,45681000,87.32,72787536.0,87.95
58.48,59.48,58.4,59.14,82644100,61.03,114282504.0,60.02
122.63,124.44,121.98,124.2,37654505,123.69,50178184.0,125.22
107.71,108.91,107.62,108.0,26578652,96.45,40535293.0,109.13
94.95,95.75,92.87,94.2,52161463,96.45,46074817.0,99.21
87.2,88.39,87.15,87.86,35561000,89.96,72966612.0,87.75
92.25,93.16,91.07,92.16,50074711,94.55,52048000.0,92.44
57.87,57.99,56.95,57.16,67966500,60.42,110532184.0,57.42
121.15,122.4,121.06,122.18,28060431,126.18,46505095.0,121.88
53.07,53.35,52.31,52.34,84311500,60.42,108538668.0,52.7
65.74,65.88,65.16,65.51,69650700,66.08,95487532.0,65.94
65.63,65.87,64.32,64.68,80688300,66.08,94825920.0,64.63
58.36,58.5,57.29,57.59,106976100,61.03,117255824.0,58.87
104.16,104.5,101.39,102.2,64285491,109.77,47001938.0,102.21
123.89,125.94,123.74,125.22,45770902,123.69,49853432.0,125.8
96.33,96.43,94.52,94.98,51491286,98.39,57532709.0,95.67
123.55,125.04,123.3,125.04,45203456,124.93,50353925.0,124.86
111.36,111.51,110.33,111.23,27426394,117.69,36661761.0,111.79
111.61,113.24,111.53,112.52,38670405,122.47,47436890.0,116.62
70.18,70.76,69.97,70.3,66303300,71.56,92485778.0,70.1
96.54,97.24,96.28,96.49,55264139,98.39,57606824.0,94.98
96.53,97.95,94.33,94.35,81094428,103.41,44045071.0,94.85
55.94,56.22,55.49,55.93,60232200,60.42,105091826.0,55.48
60.19,60.41,59.35,60.16,142789500,67.41,156395918.0,59.97
124.07,124.6,123.92,124.04,37362381,115.37,56626493.0,125.05
114.53,115.18,112.97,113.11,68840440,97.42,54532431.0,114.46
109.22,111.56,109.1,109.84,56229271,107.61,59075318.0,104.93
76.38,76.38,75.11,75.6,139267100,77.49,147149394.0,70.73
66.63,67.23,65.06,65.37,106047200,68.09,85998402.0,65.68
107.41,110.34,107.05,109.65,62892831,110.87,62187040.0,111.25
108.14,108.6,106.34,106.75,31801870,109.77,39161981.0,106.87
59.45,60.47,59.43,59.78,95813900,63.51,136145212.0,60.99
77.74,78.66,76.8,77.8,127500800,82.26,128644922.0,77.96
96.99,97.49,96.34,97.28,60892400,98.39,54560250.0,97.48
55.66,56.33,55.53,56.28,76442800,57.49,110898382.0,53.19
65.02,65.37,64.74,65.05,59305400,67.41,95839478.0,64.59
95.22,95.88,94.55,94.57,42094183,98.39,56191485.0,96.54
127.86,127.95,127.12,127.78,30733309,124.93,47553903.0,126.33
71.1,71.23,70.22,70.86,60972100,73.73,74731062.0,71.8
110.12,111.99,110.01,111.73,29264571,117.69,39084252.0,111.8
104.26,104.44,103.33,103.46,19411372,96.45,44413286.0,105.91
57.41,59.25,57.17,58.87,112894600,61.03,117556306.0,58.44
97.47,98.94,97.43,98.61,26601354,99.37,39808761.0,97.8
121.91,123.29,121.77,122.97,33649200,126.18,43265681.0,124.61
90.87,91.18,89.92,90.64,55933000,94.55,55756916.0,90.49
76.95,77.37,74.22,74.56,257746300,80.63,182187614.0,74.39
64.94,66.88,64.65,66.44,172701200,72.27,151068274.0,65.99
74.11,74.67,71.9,72.47,173717600,79.84,173014506.0,74.24
88.86,88.98,88.02,88.3,106752100,88.19,96672240.0,88.18
93.21,93.44,92.7,93.38,28116000,94.55,47895914.0,93.84
56.49,57.35,56.46,56.81,60479300,60.42,93465512.0,57.18
60.39,61.14,59.11,59.14,365213100,67.41,151202016.0,57.75
86.81,89.15,86.29,89.04,148522500,91.77,106784468.0,87.18
96.96,100.82,96.53,97.6,23292504,99.37,40335634.0,97.99
123.96,124.15,122.26,122.49,36365123,123.69,53006739.0,121.96
123.7,123.8,122.32,122.55,32435057,123.69,50202890.0,124.2
100.7,101.14,99.3,100.19,35915810,96.45,49104591.0,99.37
109.61,112.43,106.79,112.25,101685610,116.52,50177993.0,112.16
111.12,111.38,108.74,109.73,68501622,114.23,50794012.0,103.02
86.93,87.03,85.11,85.28,148501500,89.07,106406090.0,83.4
116.75,117.38,116.15,116.74,37586787,115.37,35842682.0,116.38
112.92,113.51,111.45,113.26,43341155,110.87,63509237.0,113.39
61.69,62.54,61.16,61.66,118801900,63.51,151896612.0,61.61
75.21,75.99,74.72,75.99,105375200,76.72,121952740.0,77.1
111.35,112.73,110.89,111.08,42155776,114.23,53522017.0,110.61
69.66,70.51,69.58,69.98,51069200,71.56,90592586.0,70.06
124.04,125.42,123.97,124.97,39087250,128.71,46221131.0,124.69
59.23,60.41,59.08,60.02,88379900,61.03,113416226.0,59.78
106.96,108.23,106.69,107.4,62176190,108.68,32393166.0,111.2
103.27,103.91,102.79,103.35,28031588,109.77,33993696.0,102.63
81.47,83.26,81.36,82.79,149384200,80.63,156341766.0,81.77
70.56,70.82,68.61,69.0,197477700,72.27,139671042.0,69.27
80.23,81.15,79.85,79.89,114160200,73.73,69030500.0,80.08
66.64,67.49,66.42,67.37,116199300,75.21,90121150.0,67.49
83.46,83.7,81.48,83.09,209649300,89.07,109873652.0,83.75
95.0,95.56,94.04,94.1,34411901,100.37,41016213.0,94.91
54.3,54.66,53.74,53.92,96209400,57.49,113702498.0,55.09
80.6,81.18,80.3,80.66,61176500,79.05,98427084.0,81.12
92.5,92.59,91.49,91.54,28719109,109.77,37773657.0,89.39
108.16,108.34,107.21,107.45,24008505,99.37,34298398.0,107.38
123.75,124.04,121.46,121.48,49271416,128.71,51815840.0,120.72
69.48,70.71,67.95,69.01,183073100,79.84,170515632.0,73.03
97.5,98.31,97.45,97.8,31712936,99.37,39925251.0,96.32
61.12,61.54,60.55,60.71,99621900,57.49,118022002.0,60.21
123.84,123.94,122.57,122.76,54716887,126.18,46498147.0,123.74
70.43,70.7,67.97,69.56,133515900,70.15,96769708.0,70.24
113.03,113.08,111.6,112.03,57179298,97.42,54767299.0,114.1
113.03,113.38,111.57,112.16,48535789,116.52,50529038.0,112.95
103.11,104.07,102.62,103.64,40105934,109.77,46757427.0,107.62
60.17,61.03,59.99,60.83,124160400,57.49,118554954.0,60.56
66.42,67.22,65.44,66.62,122573500,57.49,85251348.0,67.21
98.78,99.94,98.09,98.39,32702028,100.37,35808787.0,97.63
62.68,63.6,62.35,63.24,101012800,67.41,86975098.0,62.2
111.56,112.2,110.27,110.52,36162258,117.69,33688231.0,109.49
104.31,107.04,102.33,106.84,96774611,107.61,57655967.0,109.99
67.48,68.74,67.43,67.93,127629600,57.49,85508122.0,67.04
56.1,56.45,55.79,56.28,75207300,61.64,120737708.0,56.38
90.27,90.81,89.33,90.73,41865000,94.55,53095488.0,91.93
116.35,116.51,115.64,116.29,26085854,111.98,33085392.0,116.52
115.59,116.52,115.59,116.52,14249484,111.98,32666533.0,117.26
113.28,115.14,112.91,114.98,90613177,108.68,35279150.0,114.33
85.47,86.7,85.46,86.5,94118500,81.44,69714680.0,86.17
69.77,70.06,68.99,69.09,112342300,71.56,158098976.0,68.49
78.15,79.94,78.03,79.37,121095800,76.72,112215362.0,78.84
57.92,58.85,57.6,58.16,71528100,60.42,112673470.0,57.44
63.32,63.69,61.76,61.78,152263300,60.42,151477172.0,61.66
90.52,90.53,89.31,89.52,39079000,91.77,56958688.0,90.26
104.46,104.64,103.69,104.55,34968457,97.42,63265617.0,104.85
56.96,57.74,56.82,57.04,90804000,61.64,129442390.0,56.48
118.33,119.16,117.44,117.95,33871405,115.37,52055937.0,114.23
66.81,68.26,65.8,68.11,189401800,71.56,157547362.0,70.09
53.92,54.2,53.01,53.52,78540700,60.42,111267954.0,52.91
112.66,113.47,110.77,110.97,64112641,110.87,63380791.0,110.51
98.52,98.95,98.3,98.82,23779924,100.37,35961692.0,98.91
113.73,115.11,112.73,115.0,66134219,117.69,36679576.0,113.9
121.57,122.95,121.33,122.68,51023104,128.71,60971200.0,124.06
70.65,70.95,69.74,69.79,61236000,71.56,89397042.0,69.92
111.95,112.42,111.4,111.8,25965534,117.69,38360039.0,111.23
69.92,70.41,68.95,68.97,65655100,71.56,91256774.0,70.05
60.32,60.5,58.77,59.0,111779500,61.03,116228000.0,57.0
106.22,106.33,104.85,104.98,25213777,109.77,42939971.0,102.97
74.93,75.02,73.03,73.56,124057500,74.46,167871648.0,73.17
98.49,99.71,98.26,98.63,68263146,97.42,62694382.0,100.4
102.13,105.18,102.01,104.9,45292770,108.68,31670173.0,107.4
102.95,103.48,101.19,101.95,78513345,108.68,48813803.0,104.57
107.97,108.37,107.3,107.38,27484506,99.37,34264622.0,107.63
92.41,92.53,90.28,90.32,53502000,89.96,58470018.0,88.71
72.06,72.6,71.62,71.92,56189000,73.0,82483926.0,71.58
112.82,113.08,112.11,112.47,21453089,115.37,36661307.0,113.31
120.99,122.26,120.26,121.46,43940895,124.93,51258681.0,123.75
112.58,113.22,111.23,111.61,35886990,115.37,37628660.0,112.47
71.52,72.0,71.28,71.98,50640800,73.73,62869800.0,71.04
89.22,90.28,88.64,89.99,49988000,91.77,57328594.0,89.52
72.17,73.48,71.78,73.47,90862100,71.56,80087154.0,74.83
123.85,124.0,122.9,123.44,32918071,126.18,46091929.0,124.0
79.85,80.41,79.58,80.12,86230200,79.05,100267034.0,81.01
117.85,118.08,116.35,116.4,49365254,115.37,60047212.0,118.04
51.23,52.76,50.85,51.57,152318600,57.49,113780674.0,52.64
77.39,77.51,76.15,76.77,133332500,72.27,145585496.0,76.53
106.86,107.4,105.77,106.39,27766291,99.37,33271663.0,106.27
95.6,96.41,94.99,95.32,28991131,96.45,50973553.0,95.1
56.74,57.97,56.14,57.82,118559000,63.51,137522140.0,56.57
73.52,74.75,73.43,73.74,99886500,79.84,173149046.0,72.64
113.29,114.62,112.87,113.14,37861662,117.69,37181236.0,112.96
67.02,70.29,66.82,69.86,164873100,70.15,153347586.0,72.08
120.13,121.09,118.37,119.34,51827283,128.71,61125411.0,120.66
102.2,103.57,102.2,102.63,56016165,109.77,34306992.0,96.21
71.83,72.8,71.68,72.56,70564200,75.21,92519154.0,72.55
60.67,60.87,59.22,60.01,131693800,63.51,137399948.0,59.69
92.08,93.13,91.98,93.13,31916000,94.55,49011004.0,93.38
73.03,73.71,72.65,73.24,97053600,75.21,156845710.0,74.36
51.96,54.83,51.83,53.54,242412800,57.49,114823576.0,53.92
56.38,56.5,55.4,55.44,79380000,57.49,112066948.0,56.28
90.27,90.58,89.17,89.82,62777000,87.32,72717262.0,89.44
72.8,73.36,72.67,73.33,50190000,73.0,79452212.0,73.45
83.03,84.98,82.46,84.92,137442900,89.07,113237222.0,84.24
74.3,74.77,74.11,74.71,83813800,75.21,146477170.0,76.22
116.65,117.16,113.22,116.52,20034594,117.69,35573491.0,116.46
71.44,71.75,71.19,71.31,49886200,73.0,84337302.0,71.94
58.33,59.23,58.18,58.83,105457100,57.49,118154428.0,59.42
67.82,68.28,67.1,67.39,125702500,75.21,87218978.0,67.26
109.91,112.8,108.98,109.64,46746712,97.42,59339574.0,111.06
87.72,88.11,86.97,87.14,92681400,89.07,105469224.0,85.28
94.94,95.28,94.25,95.09,32240187,100.37,41158383.0,92.42
94.28,95.73,93.62,95.01,46471652,98.39,50282236.0,92.47
73.44,73.92,73.27,73.64,68231100,75.21,90753068.0,73.92
55.52,57.26,55.46,56.79,160081600,57.49,116572204.0,58.46
83.64,84.7,83.48,84.7,110690300,79.05,92035566.0,86.92
91.93,92.68,91.18,92.61,40444914,100.37,41741265.0,93.41
75.65,76.08,75.37,75.43,65572500,71.56,78669234.0,74.61
97.84,98.5,96.92,97.44,59725174,98.39,56264827.0,93.73
106.99,108.19,106.42,108.18,25873950,96.45,41615835.0,109.29
124.99,125.29,122.98,123.92,52674786,128.71,46050794.0,123.56
110.36,110.94,109.03,109.49,37086862,117.69,33709904.0,109.9
97.88,98.26,97.47,97.75,30136990,100.37,36348024.0,98.78
56.05,57.04,55.6,56.86,117118400,63.51,135584498.0,57.0
123.87,124.67,123.49,124.61,36222447,126.18,43004702.0,125.69
109.72,110.54,109.66,110.06,28428917,117.69,39404816.0,111.73
76.48,76.58,74.25,74.32,147816200,75.21,153112876.0,74.97
105.99,109.94,105.18,109.77,60208036,111.98,52411799.0,107.68
96.27,96.5,93.42,94.56,53087747,98.39,45036798.0,94.68
120.7,120.86,118.82,118.85,60761614,126.18,45829661.0,116.43
76.3,76.84,75.32,75.54,89929700,71.56,78803704.0,75.43
93.17,94.21,92.91,93.57,42062391,109.77,39527020.0,93.21
82.3,82.55,81.78,82.32,58709000,81.44,68274850.0,82.54
79.64,80.24,77.23,78.93,254608200,82.26,128308712.0,77.8
72.01,72.26,71.26,72.14,93511600,73.0,82517456.0,73.0
81.47,81.82,80.47,80.47,93641100,73.73,68579868.0,80.19
81.21,81.88,79.8,80.61,139631800,82.26,122494302.0,79.65
95.23,95.97,94.85,95.4,43469585,98.39,56584317.0,95.4
66.24,66.67,65.2,66.26,115386600,72.27,149520504.0,67.48
70.49,70.71,69.03,69.18,148583400,72.27,152837930.0,68.78
93.34,93.95,92.23,92.42,37357215,98.39,49985176.0,94.25
122.84,123.75,122.29,123.75,55550382,124.93,50543938.0,122.49
116.73,117.24,116.18,116.95,23624896,115.37,35768778.0,116.87
93.65,94.43,93.53,94.22,32025968,109.77,39562076.0,95.42
92.74,94.36,92.38,93.43,44331195,95.5,51244169.0,92.72
74.69,75.72,74.69,75.02,70648200,71.56,78838200.0,74.69
74.8,75.29,74.47,74.69,57475600,71.56,78426250.0,74.12
60.27,60.32,58.86,59.55,134871100,67.41,148375178.0,58.07
80.85,81.25,80.85,81.24,48734700,79.05,95404470.0,82.33
57.49,58.1,56.99,57.95,71458100,60.42,110965092.0,57.16
128.37,129.01,126.66,127.63,69228130,115.37,57160743.0,124.36
73.92,74.62,73.86,73.92,65062900,75.21,90165278.0,72.75
100.73,101.03,100.11,100.77,47053916,97.42,63856314.0,100.66
124.16,124.33,121.44,122.07,56517146,128.71,56675828.0,122.25
74.78,74.96,74.29,74.44,58671200,76.72,79518446.0,72.8
69.25,70.13,68.98,70.05,69829200,71.56,91455070.0,69.85
128.82,128.89,126.37,126.78,76756427,126.18,43208483.0,121.42
79.86,80.71,78.42,79.16,238632800,83.08,176479660.0,76.44
122.91,122.91,121.33,122.71,54272219,115.37,56189125.0,123.44
87.02,87.31,86.34,86.56,43694000,89.96,71559754.0,86.03
126.39,128.25,126.11,128.04,45833246,124.93,47959699.0,127.78
71.9,72.02,71.22,71.81,55182400,74.46,84123424.0,71.88
76.14,76.27,75.3,75.36,86088100,71.56,78221696.0,76.23
67.57,67.96,67.36,67.72,85171800,68.09,83942558.0,66.18
119.79,122.06,119.74,122.03,47099670,123.69,59523598.0,120.16
96.26,96.45,93.59,93.73,99565849,98.39,57186104.0,96.49
107.93,108.85,107.25,108.83,29759153,108.68,60502033.0,110.82
67.42,67.77,66.25,67.62,113780100,70.15,153190100.0,66.9
66.99,67.54,66.7,66.9,88569600,70.15,152798982.0,69.86
91.94,93.66,91.68,92.42,75311356,100.37,42155132.0,91.08
114.96,116.02,114.32,115.66,34309450,116.52,44733933.0,113.1
61.34,62.28,61.27,61.61,88818800,63.51,151851588.0,60.76
91.79,92.14,91.39,91.49,142897300,89.07,100933784.0,90.27
71.63,72.12,70.68,71.24,92992200,74.46,88871384.0,71.45
106.54,107.14,103.51,103.72,96453327,109.77,44098511.0,104.99
93.02,93.08,91.71,92.26,35890500,109.77,37836756.0,91.75
93.95,95.34,93.68,94.91,35546358,100.37,41138990.0,94.55
97.49,97.82,96.32,96.78,52722000,98.39,55569138.0,98.3
66.56,67.16,66.3,66.72,80018400,66.08,95736634.0,67.05
71.67,71.69,70.53,70.68,57988000,74.46,88509568.0,70.04
104.94,105.03,103.27,104.99,47590610,109.77,43995001.0,104.9
58.37,58.62,56.14,57.0,185403400,61.03,116743900.0,57.76
105.06,105.38,104.13,104.9,32789367,109.77,44041444.0,106.25
67.73,67.89,65.49,66.18,185798900,68.09,84765954.0,62.58
94.49,95.46,94.33,94.89,26026540,100.37,41818175.0,94.0
105.73,107.1,105.64,106.93,40553402,99.37,35430772.0,107.82
115.42,116.81,115.19,115.72,39180322,120.05,45923919.0,114.79
72.88,72.96,72.33,72.68,50141000,73.0,80885154.0,72.66
71.48,71.87,70.65,70.87,72462600,73.73,76286014.0,70.86
93.46,95.26,93.05,95.05,49057916,94.55,52471407.0,96.5
76.43,77.44,76.35,77.43,97568800,73.73,65915850.0,80.43
112.41,113.52,111.03,111.58,69884400,115.37,59351310.0,116.18
108.98,110.49,108.98,110.2,33257316,109.77,35543389.0,110.26
61.46,61.51,60.81,60.89,73573500,63.51,135301600.0,59.69
57.33,57.33,56.66,56.75,59653300,61.64,112076020.0,55.44
57.36,57.8,57.18,57.39,48756400,60.42,109381762.0,56.22
71.2,72.02,71.1,71.94,52411800,73.0,83423200.0,71.92
113.51,114.4,113.0,113.64,29212727,116.52,43477275.0,110.72
81.21,81.29,78.53,78.75,214911200,83.08,164939474.0,75.49
73.06,73.84,71.37,73.43,139248900,75.21,157057082.0,73.24
96.32,96.67,95.88,96.32,33421900,94.55,45986382.0,97.03
79.98,80.82,79.97,80.71,53302200,81.44,67759608.0,80.83
77.55,80.65,77.51,80.43,167371400,73.73,67726288.0,80.19
118.24,120.09,117.53,119.54,61354474,126.18,44982450.0,121.85
127.0,128.94,126.74,128.06,58900203,126.18,42784362.0,126.78
70.58,70.79,70.04,70.35,92570100,75.21,93204230.0,71.62
115.72,115.83,115.04,115.25,13046445,120.05,46626019.0,115.72
59.59,59.84,59.31,59.42,90325200,57.49,117725020.0,60.83
98.95,99.41,98.69,98.91,26275968,100.37,35828483.0,98.39
108.04,108.76,107.98,108.29,21257669,99.37,33595190.0,107.48
68.53,69.48,67.63,68.78,121039100,72.27,152525058.0,68.96
102.14,102.83,101.86,102.8,52687879,97.42,63239090.0,102.45
81.24,81.44,80.28,81.24,143245200,80.63,156559088.0,82.46
96.58,96.82,95.62,96.7,40191600,99.37,40336416.0,96.9
123.18,123.97,122.54,123.73,31494131,126.18,46133813.0,123.44
58.29,60.35,58.05,60.1,143336900,60.42,148548722.0,60.04
71.09,71.34,70.26,70.37,84448000,70.15,91308070.0,70.89
111.07,112.81,110.98,112.3,29869442,115.37,37556945.0,112.51
109.81,110.35,108.83,109.95,27632003,117.69,39767378.0,110.06
74.06,75.47,73.72,75.36,132357400,74.46,159631668.0,75.18
82.47,82.56,79.66,79.69,186021500,84.75,117501986.0,82.86
92.65,94.16,92.14,93.61,56831277,109.77,37662404.0,92.64
95.24,95.88,94.35,94.55,29219122,100.37,41178726.0,95.09
93.95,94.53,91.31,91.39,133369674,98.39,49180792.0,92.04
59.91,60.13,58.81,59.91,93088100,61.03,113739920.0,59.72
77.13,77.2,75.81,76.17,93729300,82.26,125910764.0,73.25
111.89,112.79,111.23,112.47,36379106,115.37,37702201.0,111.94
68.59,68.92,67.74,67.88,101901100,72.27,150528252.0,68.72
71.31,73.01,71.31,72.1,94623200,76.72,75681844.0,73.53
66.92,67.29,66.74,67.21,90576500,57.49,84978208.0,67.93
96.15,96.68,96.1,96.4,24167463,100.37,37369398.0,95.86
78.87,79.07,77.71,78.65,117330500,80.63,109339874.0,77.93
62.06,62.09,61.27,61.68,63944300,57.49,79919280.0,60.8
78.73,78.88,78.14,78.46,101680600,80.63,181647592.0,75.99
69.85,70.43,69.71,69.92,52234700,71.56,86725758.0,69.31
57.82,58.66,57.74,58.58,160990200,63.51,136471580.0,60.17
99.68,100.61,99.25,100.4,71074674,97.42,63477555.0,100.77
60.87,61.1,59.88,60.21,83713000,57.49,118083686.0,60.44
107.59,108.98,107.53,108.92,25868209,99.37,33781265.0,108.82
89.26,89.67,88.82,89.61,22891800,89.96,67679222.0,91.45
113.56,113.86,111.88,112.32,58363431,110.87,63203623.0,113.26
58.69,58.75,57.36,58.0,126727300,57.49,118426798.0,58.83
85.52,87.42,84.7,87.41,141330700,88.19,95121894.0,86.59
103.16,106.02,103.15,105.91,31190083,96.45,43773685.0,107.76
77.78,78.66,77.49,77.99,155967700,78.26,141903118.0,77.56
74.25,75.04,72.43,74.39,241632300,80.63,182599186.0,72.9
72.75,72.79,70.71,71.26,128950500,82.26,135715454.0,71.27
82.5,82.85,82.03,82.44,64335600,79.05,92455202.0,83.16
67.63,68.16,66.84,67.26,169625400,75.21,89021884.0,67.37
123.05,123.09,122.17,122.76,30238811,126.18,47068175.0,122.61
111.04,112.58,110.75,110.81,42326974,108.68,59287240.0,112.5
68.2,68.31,67.01,67.04,89672100,57.49,85050798.0,67.21
70.24,70.58,69.74,69.93,68924100,71.56,92551648.0,69.58
70.13,70.54,69.6,70.26,53691400,73.73,64304520.0,71.07
71.61,71.87,70.39,70.48,119292600,82.26,137560948.0,69.0
122.86,124.2,121.81,123.56,56075420,128.71,46381379.0,124.97
103.52,105.52,103.48,104.96,32444375,96.45,46214994.0,104.38
74.29,74.69,73.56,74.46,95127200,74.46,161490700.0,75.36
122.21,122.4,119.12,120.72,72141010,124.93,51874098.0,121.46
75.48,76.65,75.48,76.23,80123400,71.56,78683962.0,76.11
80.13,81.35,79.69,81.34,69064100,81.44,67508462.0,82.31
68.31,68.82,68.1,68.29,43938300,70.15,154432796.0,67.34
73.25,73.47,72.39,72.68,79302300,76.72,78967126.0,73.14
113.24,114.93,112.99,114.74,46674697,120.05,49195932.0,116.2
80.59,80.94,80.42,80.83,39934300,81.44,67364388.0,80.85
56.57,57.37,56.16,56.56,101387300,63.51,137832450.0,57.11
107.1,107.16,105.18,105.71,60821461,109.77,35612212.0,105.15
112.47,113.54,111.94,112.99,34514269,115.37,36950702.0,112.97
56.46,57.85,56.3,56.75,132379800,61.64,129990924.0,57.04
78.1,78.52,77.12,77.93,107010400,80.63,108425086.0,78.72
109.88,111.32,108.05,110.88,59176361,117.69,38651821.0,107.79
59.93,60.1,58.44,58.47,93144800,63.51,140178878.0,59.28
70.53,72.15,70.52,71.78,100345700,71.56,80554222.0,73.47
104.79,106.82,104.14,105.37,48575897,108.68,49335232.0,108.11
76.92,77.17,75.91,76.86,189977900,73.73,65504978.0,77.43
86.48,87.42,85.95,86.03,39036000,89.96,70981886.0,86.11
76.09,77.22,75.94,77.1,100023000,76.72,118798274.0,78.0
82.27,83.03,81.71,82.29,115003700,89.07,111560974.0,82.95
91.75,91.81,88.53,89.39,76314690,109.77,38636560.0,89.57
94.93,95.32,92.15,92.47,46418064,95.5,50560947.0,93.45
126.01,126.14,124.79,125.8,44525905,123.69,49272715.0,128.09
75.5,76.43,75.32,76.25,106847300,79.84,178940496.0,75.71
94.89,98.72,92.07,93.84,189560600,98.39,51484462.0,96.73
74.29,76.5,74.22,76.22,110103000,75.21,145472740.0,76.44
113.09,113.5,111.71,112.03,48286510,116.52,50205725.0,109.73
55.62,55.82,54.24,54.96,120279600,60.42,110074076.0,53.5
76.25,76.81,75.48,76.4,132283900,82.26,126136822.0,76.17
98.21,98.82,97.92,97.99,22409450,99.37,40395596.0,97.9
58.34,59.09,57.85,58.55,147984200,57.49,89503890.0,58.28
70.12,70.77,70.11,70.48,57327900,71.56,80544212.0,71.78
67.64,68.33,67.19,67.49,100366000,75.21,91083776.0,68.47
113.51,116.88,113.51,116.62,54951597,122.47,47518233.0,110.55
115.04,116.2,114.98,115.19,34031834,111.98,33535503.0,115.82
110.72,112.38,110.71,112.22,50221965,113.1,63071946.0,110.46
70.36,71.23,70.23,71.08,70604800,71.56,90083784.0,70.65
83.27,83.8,81.46,81.77,222431300,80.63,159291846.0,81.48
71.59,71.87,70.8,71.03,59299800,73.0,84513002.0,71.31
117.66,120.29,117.57,119.39,45518976,115.37,55792022.0,118.84
65.45,65.51,64.41,64.43,79239300,67.41,95648322.0,65.05
87.0,88.23,86.84,88.2,91973000,88.19,95210010.0,87.59
64.84,65.26,63.99,65.1,75431300,66.08,95709306.0,65.51
121.73,123.1,121.26,122.12,74474466,115.37,56290660.0,122.71
56.49,56.54,55.33,55.46,145688900,63.51,135385348.0,56.93
62.92,64.03,62.49,63.37,129372600,60.42,151005400.0,61.78
110.31,112.5,109.46,112.02,50219475,113.1,63661236.0,111.74
109.9,110.57,105.06,106.23,73365384,113.1,64441478.0,107.1
107.68,108.38,107.46,108.25,26315204,99.37,34664372.0,107.45
94.42,95.17,94.22,94.46,35374173,94.55,52227960.0,95.29
73.43,73.58,73.14,73.45,45105200,73.0,78711682.0,72.94
123.61,123.74,123.03,123.18,30268863,126.18,46253249.0,124.22
65.99,66.62,65.44,65.87,183551900,72.27,148033746.0,63.79
74.82,75.05,74.42,74.76,50749300,76.72,127377306.0,74.04
81.33,82.15,80.74,81.04,153584200,80.63,161991480.0,78.75
71.88,72.4,71.63,72.07,50015700,74.46,86780932.0,71.85
111.88,114.64,111.15,114.36,84436432,109.77,54205236.0,112.69
54.11,55.3,53.91,55.09,191024400,57.49,115146948.0,56.79
76.84,76.95,75.51,75.71,97637400,79.84,178476732.0,73.55
95.74,96.63,95.72,95.96,23794945,100.37,38256679.0,96.4
72.76,73.06,71.64,71.84,64435700,74.46,84442428.0,71.03
57.83,57.86,56.78,56.84,138112100,63.51,135599996.0,55.46
106.84,107.33,106.14,107.02,25086248,99.37,33342873.0,106.39
99.31,99.32,97.05,97.28,51794525,96.45,46566730.0,97.81
61.17,62.06,59.96,61.82,176145200,60.42,150523128.0,62.72
60.02,61.02,59.83,60.99,98776300,63.51,136082716.0,61.21
110.26,110.45,107.92,108.04,46938969,109.77,35325216.0,105.71
88.92,89.29,86.52,86.61,121999500,88.19,97602428.0,86.33
110.78,112.03,110.07,111.46,28528750,117.69,33655271.0,110.52
122.07,122.76,121.68,122.42,28970419,123.69,51166948.0,121.84
74.46,75.09,73.86,75.02,68206600,72.27,146318914.0,77.39
94.48,96.19,94.46,95.88,49766312,98.39,57283121.0,96.49
58.89,59.31,58.47,58.9,111795600,63.51,142776858.0,59.53
93.38,94.81,92.71,93.54,68179688,97.42,60131195.0,95.54
112.78,116.66,112.6,116.44,57776977,116.52,45544742.0,115.71
73.11,73.31,72.44,72.76,55507900,73.0,81840528.0,72.68
115.9,116.12,114.38,114.84,43706567,115.37,55677984.0,115.61
92.73,95.22,92.3,95.22,64416504,98.39,49904317.0,94.33
70.89,71.08,69.8,70.04,69054300,74.46,88579204.0,71.44
94.7,95.49,94.62,94.94,25139558,100.37,41139434.0,95.67
107.03,108.48,106.24,107.91,52064743,113.1,63515206.0,108.42
66.99,67.05,65.9,65.99,113419600,72.27,150690988.0,65.64
96.48,99.25,96.23,99.21,65800467,96.45,46713398.0,97.28
82.46,82.84,79.94,80.15,176786400,84.75,121402512.0,80.61
73.2,73.84,72.56,72.64,88156600,79.84,172753616.0,71.98
75.33,75.42,72.96,73.25,198412200,82.26,127692306.0,70.59
72.38,73.76,72.32,73.7,76849500,75.21,91643286.0,73.64
108.28,108.41,107.74,107.74,14479611,109.77,51633485.0,109.64
111.09,111.09,105.83,107.79,57134541,117.69,39201263.0,108.43
55.88,56.26,55.21,55.48,68506200,60.42,101613694.0,55.17
96.0,96.27,92.7,93.27,82242690,109.77,36365466.0,92.2
113.84,115.92,113.75,115.19,43733811,111.98,33449603.0,115.19
92.47,92.74,91.88,92.46,45729000,91.77,57512850.0,93.08
79.89,81.36,79.87,81.36,71766800,73.73,68151594.0,80.47
56.3,56.58,55.82,56.38,76653500,61.64,116230646.0,57.53
98.92,100.04,98.8,99.83,36955742,96.45,49072773.0,101.32
99.12,100.08,98.75,99.37,31182194,96.45,49075088.0,99.46
61.91,62.08,60.73,60.76,97936300,63.51,151024972.0,60.74
110.83,111.78,110.66,111.02,28331709,117.69,37703855.0,109.83
111.04,111.32,109.46,110.3,41869160,97.42,55255387.0,111.87
91.37,91.48,90.64,91.31,84142100,89.07,100216046.0,91.49
69.88,70.04,69.22,69.31,48479200,71.56,83201860.0,70.13
113.11,114.05,112.85,113.37,29641085,115.37,37436439.0,111.61
70.11,70.22,69.02,69.58,68722500,71.56,92705060.0,70.48
78.04,79.0,77.46,78.98,148935500,78.26,144895912.0,79.96
66.38,66.48,64.57,65.64,190526700,67.41,94534090.0,65.44
78.93,79.16,78.54,78.89,63175000,80.63,105179900.0,79.94
119.94,120.61,118.47,118.84,44886050,115.37,54617711.0,118.29
73.06,74.53,73.03,74.1,115029600,79.84,178511788.0,73.93
108.18,112.45,108.04,111.2,112340318,108.68,34085868.0,114.98
70.78,71.04,70.0,70.89,137610200,70.15,92248744.0,69.13
108.37,108.93,106.0,107.74,53315099,109.77,47366047.0,105.08
75.12,75.44,74.22,74.27,76095600,76.72,135361212.0,74.43
116.47,116.5,115.64,115.97,44351134,111.98,34348368.0,116.64
117.58,117.61,116.85,116.87,24553478,115.37,35699103.0,116.52
123.62,124.18,123.23,123.74,34039345,126.18,46375175.0,123.18
70.94,72.84,70.06,71.82,232478400,82.26,134150478.0,71.26
71.74,72.11,71.39,71.58,52099600,73.0,81939872.0,72.14
73.46,73.63,72.67,73.17,82126800,74.46,163715594.0,74.46
81.46,82.33,81.45,82.33,69708100,79.05,94193694.0,82.55
59.93,61.51,59.87,60.92,99845200,67.41,89119254.0,62.17
94.66,94.76,93.63,93.75,43143000,91.77,56983918.0,93.53
103.78,104.72,103.23,104.06,34420705,96.45,48378946.0,104.18
59.59,59.85,58.02,58.07,119279300,60.42,147546994.0,60.1
82.78,82.87,81.11,81.48,174153700,80.63,160878214.0,81.04
125.57,125.76,124.47,124.75,35626800,128.71,45948755.0,123.92
59.32,59.63,58.97,59.53,82663700,63.51,141277710.0,58.47
117.35,117.76,116.71,117.65,48128970,117.69,36032780.0,115.0
97.13,97.21,96.59,96.62,33119800,94.55,45437020.0,97.81
100.41,101.02,100.27,100.66,34187701,97.42,63561048.0,102.22
108.75,109.64,107.46,109.4,54843626,109.77,61099609.0,107.29
110.08,110.51,109.46,110.41,32560000,117.69,37979895.0,111.06
95.48,95.88,95.04,95.67,28912103,100.37,39425633.0,95.96
56.22,56.92,55.98,56.79,81573100,60.42,95501798.0,56.69
55.49,55.54,52.57,53.19,236264000,57.49,113238076.0,51.77
75.91,76.77,75.87,76.44,90351100,75.21,144292078.0,76.22
81.02,81.28,79.13,79.65,164081400,82.26,124489218.0,78.93
91.75,92.46,90.38,92.04,55678825,98.39,49378121.0,95.22
106.86,108.6,106.81,107.76,45601149,96.45,43089030.0,107.2
74.39,74.69,73.6,74.04,70709100,76.72,124018832.0,75.99
94.72,95.3,94.34,95.29,34280758,94.55,52227387.0,93.13
73.4,74.23,73.32,73.88,109103400,76.72,80682952.0,76.72
121.24,121.81,120.18,120.46,51957046,123.69,50332159.0,123.22
95.72,96.39,95.21,95.4,37051182,98.39,56455961.0,94.57
87.66,88.19,84.98,85.73,203179900,79.05,94472182.0,87.41
58.63,59.14,58.28,58.28,80628800,63.51,136625790.0,56.84
57.45,58.79,57.05,58.46,172884600,57.49,118071170.0,58.0
69.47,69.82,68.43,68.96,114676800,72.27,151282866.0,67.88
73.35,74.69,72.98,74.06,120176000,79.84,177661722.0,74.24
66.84,67.2,66.4,66.72,86258200,68.09,84355320.0,66.26
112.96,113.48,111.16,112.14,52903040,122.47,47278148.0,112.52
104.6,105.15,104.41,104.85,33691535,97.42,62571652.0,104.68
119.64,120.15,118.83,119.64,33618097,122.47,44776173.0,119.26
73.21,73.87,72.22,72.9,269037300,80.63,184823422.0,79.37
80.96,81.22,80.05,80.16,57711500,81.44,67054624.0,81.34
82.2,82.59,81.96,82.54,49214900,81.44,67863026.0,82.67
70.24,71.24,69.9,71.17,96191200,70.15,92070580.0,70.37
96.8,97.38,96.01,96.12,29445227,100.37,40117028.0,96.53
70.26,70.78,70.01,70.34,67929400,73.73,67084584.0,70.62
72.43,73.58,72.36,73.53,83140400,76.72,75966170.0,75.01
96.4,96.95,94.65,94.85,70798016,103.41,44063343.0,96.39
105.06,107.87,104.55,107.62,59364547,109.77,47260964.0,107.74
104.88,106.27,104.36,105.61,48956588,108.68,47920394.0,102.74
67.28,68.22,66.98,68.18,149067100,70.15,156105810.0,68.29
95.1,95.11,93.9,94.2,46277800,98.39,48973830.0,93.84
65.02,66.34,65.02,65.68,76902000,68.09,86561314.0,65.79
96.3,97.44,95.74,96.44,31931944,100.37,40059696.0,96.12
65.42,65.51,63.46,63.79,219193100,72.27,150611118.0,66.44
124.95,125.28,123.63,123.63,31938100,126.18,46907728.0,122.91
113.42,113.66,111.06,111.74,56151926,113.1,64059825.0,109.52
122.07,122.85,119.55,120.23,68856582,128.71,59566859.0,118.04
60.24,60.4,59.46,59.72,73182200,61.03,113228038.0,59.16
107.98,109.46,107.09,107.36,41471578,111.98,51997429.0,105.54
79.54,80.07,78.85,79.94,109215400,80.63,104877948.0,78.63
79.58,79.81,79.0,79.71,72899400,81.44,68553408.0,80.71
59.99,60.73,59.66,59.97,104288800,67.41,154532140.0,59.8
112.42,112.55,110.85,111.22,27583101,120.05,49962654.0,114.74
109.17,111.33,108.45,110.26,59348940,114.23,54279080.0,111.51
86.12,86.77,85.58,86.62,32629000,89.96,70011026.0,87.65
107.15,109.37,106.65,109.21,52766140,108.68,64748300.0,108.71
98.37,100.14,97.7,98.51,68457388,103.41,43749858.0,94.35
72.69,73.05,72.19,72.55,77025200,75.21,92469020.0,73.7
72.54,74.53,71.99,74.24,146224400,74.46,172484718.0,73.56
127.76,128.56,126.64,128.09,96954207,123.69,49722309.0,126.07
70.01,71.59,69.86,71.44,75470500,74.46,88424504.0,71.24
94.87,96.17,94.67,95.42,38018643,109.77,39774284.0,96.88
75.57,75.66,74.36,75.18,122918600,74.46,158006730.0,73.0
107.35,107.75,106.96,107.15,26880391,108.68,31114540.0,107.81
102.25,103.45,102.14,102.86,40067734,96.45,49393270.0,104.23
77.34,78.84,76.47,78.57,121993900,79.84,105235662.0,78.19
61.65,62.07,61.38,61.8,74714500,57.49,80293276.0,61.68
56.53,57.71,56.25,57.53,93982000,61.64,114182698.0,57.35
113.41,114.39,113.0,113.48,34560708,116.52,50361503.0,112.03
112.48,113.73,112.06,112.42,29736835,115.37,37357041.0,112.47
96.16,97.15,95.4,97.14,62353100,98.39,52990122.0,97.36
116.8,117.4,116.78,117.06,23783165,111.98,33315411.0,116.29
60.43,60.43,59.26,59.27,119075600,63.51,144476150.0,58.9
128.58,128.88,125.2,125.69,70697560,124.93,47760520.0,128.04
53.48,53.58,51.46,51.77,166574800,57.49,113702834.0,51.57
98.36,98.5,96.69,97.78,49154227,103.41,43305641.0,95.27
107.33,107.33,105.4,106.66,61979577,108.68,64365542.0,109.21
91.98,92.78,91.56,91.91,33795000,94.55,49836230.0,93.13
109.45,110.39,109.36,109.56,27598920,109.77,49398120.0,108.23
82.58,83.02,82.24,82.67,50190000,81.44,67870194.0,83.6
72.51,73.42,72.49,73.14,64632400,76.72,78570814.0,72.2
113.84,114.2,110.98,112.13,52481151,115.37,37562296.0,112.3
106.7,106.72,104.7,104.98,53002026,108.68,31280525.0,102.6
89.76,90.84,89.25,90.27,159941600,89.07,102575480.0,88.02
95.27,96.61,95.06,95.1,35216277,96.45,50611416.0,98.88
71.53,72.2,71.53,71.88,44646000,74.46,84178570.0,72.58
100.68,102.04,99.7,101.32,46055100,96.45,49042063.0,100.19
111.33,111.91,110.72,111.51,43063440,114.23,53873405.0,111.08
84.53,84.62,83.13,83.4,159498500,89.07,107576378.0,83.09
113.84,114.86,112.7,113.58,45217971,120.05,51481352.0,113.2
106.97,107.82,106.61,107.82,28037220,99.37,34864893.0,108.25
87.95,87.96,87.04,87.54,35528000,89.96,70897022.0,86.63
118.29,121.69,118.29,121.42,115450607,128.71,44676780.0,121.36
59.92,61.24,59.41,60.04,148426600,60.42,150153122.0,61.82
106.48,107.34,102.29,104.1,67218082,109.77,52637805.0,102.67
94.62,95.18,94.15,94.78,58353200,98.39,48700854.0,94.2
57.94,59.3,57.92,58.77,88255300,61.03,117088230.0,59.17
70.86,71.84,70.78,71.45,59695300,74.46,88915778.0,71.92
127.61,128.94,127.42,128.52,45595972,124.93,47383115.0,125.69
73.88,74.67,73.58,74.36,100363900,75.21,155874278.0,74.39
76.44,76.8,75.73,76.72,125326600,76.72,81850790.0,76.39
75.78,76.9,75.12,76.53,130216100,77.49,145187448.0,77.37
100.23,101.22,100.1,100.83,25076062,96.45,49410161.0,102.86
63.95,64.03,62.35,62.54,174825700,67.41,92121372.0,65.64
113.03,114.6,112.5,114.12,40884745,116.52,50723784.0,113.48
60.14,60.76,59.75,59.78,96075700,61.03,113794436.0,59.91
97.48,97.85,97.0,97.24,40144700,94.55,45485844.0,96.62
93.03,96.05,91.39,94.68,72334416,96.45,45692433.0,94.2
121.53,122.06,120.68,121.28,37329243,123.69,57355643.0,122.21
96.2,97.06,95.83,96.88,35140174,109.77,39975567.0,98.58
74.14,75.0,73.72,74.22,94996300,75.21,78393378.0,74.85
69.44,70.33,69.44,70.24,78430800,70.15,93928618.0,71.17
80.14,80.52,79.38,80.08,61012000,73.73,68681900.0,80.22
92.42,92.53,90.88,92.1,48160104,109.77,37211394.0,93.61
80.41,80.66,78.76,79.14,127989400,76.72,109523988.0,78.65
105.21,107.18,105.2,107.0,46942431,97.42,60137427.0,108.52
70.4,71.45,70.29,71.07,71083600,73.73,64084468.0,71.91
87.86,88.09,86.6,86.99,54525000,89.96,73067112.0,87.86
121.62,122.84,120.96,122.73,40187953,123.69,53968166.0,122.49
80.65,81.33,80.56,80.85,41601000,81.44,66900708.0,80.16
65.83,65.95,65.09,65.19,68074300,68.09,85779834.0,65.37
92.43,94.79,91.78,94.52,36255745,96.45,52079872.0,95.17
70.98,74.5,70.87,74.27,205829400,72.27,146484240.0,73.64
116.74,117.5,116.68,116.95,21424965,111.98,34120568.0,117.06
86.3,86.42,84.74,85.58,92337700,87.32,72215766.0,86.79
57.11,57.45,56.92,57.2,49747600,60.42,91253442.0,57.39
83.84,85.2,83.81,85.17,87216500,81.44,68300862.0,84.95
93.86,96.83,93.62,96.73,100741900,98.39,52507520.0,97.14
103.45,103.55,100.18,100.48,55790992,106.54,43568048.0,98.51
57.37,57.47,56.04,56.2,115062500,63.51,136223472.0,56.86
59.3,59.89,57.1,57.75,302006600,67.41,154663138.0,59.05
107.31,108.65,105.91,107.1,65041596,113.1,64207182.0,106.74
69.39,69.41,67.68,68.72,150286500,72.27,150252354.0,68.3
110.0,110.03,108.25,109.11,34324540,111.98,33255852.0,109.95
56.84,57.13,56.28,56.69,69890800,60.42,94365068.0,56.81
90.16,91.08,89.89,90.34,150118500,89.07,101939236.0,91.45
110.98,111.46,109.55,109.83,26932602,117.69,37769006.0,108.84
61.68,61.76,59.84,60.22,135926700,67.41,88613042.0,60.92
127.04,127.08,123.75,124.36,74711746,128.71,57825546.0,125.93
62.98,63.66,62.78,63.19,101135300,67.41,90256320.0,62.54
88.48,88.66,87.74,87.89,87484600,87.32,72066400.0,89.29
103.73,104.81,102.44,104.57,49899907,108.68,49063083.0,105.37
82.57,83.45,82.36,82.55,85042300,79.05,93109562.0,82.44
73.31,73.88,73.05,73.78,70573300,73.0,82786802.0,73.08
61.36,61.61,60.7,60.8,66716300,57.49,79486008.0,62.53
111.36,113.29,111.05,112.95,42929516,116.52,50618626.0,114.12
60.48,60.79,59.74,60.15,80739400,57.49,82697216.0,60.7
58.59,59.81,58.51,59.52,62014400,57.49,83932730.0,60.25
104.11,105.18,102.6,102.6,46556984,108.68,31481045.0,104.9
65.78,66.43,65.71,65.79,59914400,68.09,86204902.0,65.19
115.08,117.14,114.22,116.2,43295820,120.05,48803992.0,116.7
125.69,127.07,123.89,124.22,63386083,128.71,51020018.0,120.85
72.09,72.46,70.4,71.06,140224000,79.84,169842960.0,68.98
110.31,111.72,109.7,111.06,24254179,117.69,37965572.0,110.88
123.99,124.92,121.92,122.25,72842060,128.71,57229318.0,122.77
69.98,70.2,69.23,69.85,56863100,71.56,91230846.0,69.98
112.31,114.7,112.31,113.95,34402627,111.98,33209056.0,113.3
75.84,76.42,75.52,76.11,69567400,71.56,78774528.0,75.54
108.67,109.04,108.46,108.52,21984703,99.37,34072966.0,108.8
89.94,90.53,87.95,88.02,129697400,91.77,103663126.0,86.93
75.6,77.45,75.32,77.39,157644900,72.27,145910646.0,76.77
84.94,86.92,84.93,86.92,153346200,79.05,93364908.0,85.73
122.64,124.72,122.03,124.06,65270945,128.71,60990909.0,123.12
115.02,115.07,111.94,112.29,66333781,115.37,58771317.0,111.58
60.88,61.52,60.7,61.48,68695900,57.49,80607086.0,62.4
100.38,103.08,99.78,103.06,67649387,106.54,43285310.0,100.48
114.6,115.59,112.67,113.0,47023046,108.68,36736316.0,112.99
55.84,55.96,54.58,55.17,74534600,60.42,101180198.0,56.14
125.92,126.69,125.4,126.02,33667627,124.93,46291689.0,126.17
116.76,118.21,116.51,118.04,32203267,115.37,58125768.0,119.39
62.8,63.13,62.17,62.2,74708900,67.41,87264632.0,60.22
108.3,108.33,104.65,105.08,49650790,108.68,47305305.0,106.02
94.47,95.17,93.68,95.17,27582659,96.45,51693802.0,95.32
121.53,122.23,120.38,122.21,32483974,123.69,56093948.0,122.73
109.5,110.36,109.19,109.95,26195462,111.98,33182373.0,111.03
73.08,73.1,71.83,72.0,68812800,73.0,76983536.0,70.87
59.11,59.69,58.06,58.34,112538300,60.42,113191568.0,58.16
121.94,122.73,121.78,121.84,28368987,123.69,50696013.0,120.46
125.53,126.08,123.83,124.05,62014847,128.71,58426669.0,124.66
129.84,129.92,125.12,126.07,118923970,123.69,51015344.0,124.22
110.81,111.06,106.92,107.29,85010804,109.77,61816597.0,109.65
68.08,68.56,67.66,68.47,94170300,75.21,91997598.0,68.98
69.66,70.14,69.13,70.13,65506700,71.56,82491738.0,69.95
94.11,95.58,93.28,95.02,79833891,98.39,44872764.0,94.56
74.33,74.62,73.81,74.37,86393300,75.21,147665798.0,74.71
77.93,78.06,76.86,76.95,91070000,77.49,146046894.0,75.6
117.28,117.57,116.53,117.03,35652191,115.37,36107348.0,116.95
71.75,72.15,68.84,69.13,158951800,70.15,92875188.0,70.23
87.2,87.37,85.89,86.93,84580300,88.19,94792908.0,88.2
86.85,87.7,85.62,86.17,141005200,81.44,71411004.0,85.58
121.76,122.14,120.08,120.16,42090553,123.69,58795143.0,119.98
114.8,115.27,113.52,113.9,34562045,117.69,36863697.0,113.14
106.63,106.63,105.6,105.68,13596680,109.77,43416290.0,104.5
112.42,112.6,111.77,112.51,24607412,115.37,37319216.0,113.37
97.96,98.02,96.61,96.69,70838500,98.39,55195058.0,96.78
100.94,102.22,100.89,102.22,48060949,97.42,63570827.0,102.8
72.33,73.58,71.81,73.2,103152700,76.72,79304904.0,72.68
100.56,100.6,99.83,100.58,27408237,96.45,49412916.0,100.83
76.18,76.54,75.14,75.17,81587800,75.21,139786850.0,75.74
80.08,80.92,79.83,80.05,57574300,73.73,68604830.0,79.71
59.02,59.59,58.25,58.66,110759600,61.03,117350870.0,58.77
109.5,110.34,107.95,108.08,53323105,116.52,43301261.0,108.92
65.44,65.93,65.17,65.64,118230700,72.27,151181016.0,66.26
107.28,108.2,106.52,107.81,42364328,108.68,31029383.0,104.98
80.74,81.25,80.73,81.12,55410600,79.05,96888148.0,81.24
72.36,72.75,72.02,72.65,49831600,74.46,84421862.0,71.84
72.16,72.7,71.62,71.91,76464500,74.46,89303746.0,71.11
70.96,71.24,68.98,68.98,179305000,79.84,169436456.0,69.01
79.93,79.98,78.35,79.08,134017100,80.63,187144580.0,78.46
73.99,74.32,72.95,73.08,74942000,73.0,82393178.0,72.76
105.8,105.86,102.59,102.74,60013996,108.68,48075023.0,101.95
53.68,53.8,52.59,52.91,91931000,60.42,111577718.0,52.34
82.49,83.21,82.39,83.16,63633500,79.05,91720594.0,84.7
115.62,117.56,115.2,117.4,51227334,115.37,60429940.0,116.4
84.79,85.31,84.16,84.24,97259400,89.07,113730176.0,82.67
81.39,82.68,81.32,82.31,79438800,81.44,67993590.0,82.32
107.76,108.84,106.92,108.42,48856977,113.1,63603235.0,107.91
88.21,88.35,87.64,88.18,66854200,88.19,95807264.0,88.01
70.76,71.82,70.67,71.8,51542400,73.73,70434294.0,70.87
102.43,102.81,101.42,102.45,40654793,97.42,62999930.0,103.43
124.36,126.37,122.26,125.93,91287529,128.71,58530734.0,124.05
113.27,113.41,111.87,112.97,36003185,115.37,37187417.0,114.04
104.63,107.05,104.53,106.37,30931243,109.77,43030878.0,104.98
68.92,70.22,68.3,70.09,156421300,71.56,158822160.0,69.09
116.16,116.22,114.32,114.79,34852374,120.05,45616528.0,113.75
106.24,106.78,104.53,106.74,63929100,113.1,63176752.0,107.52
106.05,108.18,105.53,108.11,53796409,108.68,49737329.0,108.67
121.24,121.94,120.55,121.85,41440538,126.18,44147353.0,121.8
87.64,87.76,86.62,86.75,75674900,88.19,94733058.0,86.93
87.77,89.32,87.76,88.56,49589000,89.96,69787886.0,89.12
79.0,79.17,78.28,78.84,104732600,76.72,109781126.0,79.88
70.82,71.74,70.72,71.42,72227400,74.46,89148402.0,70.68
107.32,107.81,104.08,105.71,51175504,117.69,39837572.0,107.11
97.24,98.05,96.35,96.75,77376525,98.39,57364049.0,96.47
109.26,110.37,108.65,110.35,53164407,107.61,59045071.0,109.84
96.82,96.9,95.22,96.39,49739377,103.41,43347103.0,97.78
88.52,89.58,88.18,89.25,149590000,89.07,101358782.0,90.34
126.7,126.97,125.96,126.17,30983542,124.93,46157167.0,125.44
109.3,109.57,107.83,108.23,29881477,109.77,48632155.0,106.17
91.46,91.78,91.01,91.73,93375800,89.07,101805228.0,91.75
118.54,120.59,118.39,119.97,47572869,123.69,59970094.0,119.02
94.39,94.4,93.47,94.0,27705210,100.37,41698616.0,94.53
89.06,90.71,89.06,89.57,44392765,109.77,38785300.0,92.9
92.93,94.73,92.03,94.25,45964294,98.39,50038545.0,95.01
92.64,92.94,91.48,92.44,40351381,94.55,52157980.0,95.05
74.38,75.55,74.04,75.51,86879100,75.21,153197744.0,74.32
124.2,125.05,123.65,125.05,48948419,115.37,56452165.0,128.43
73.75,74.04,72.34,72.75,78442000,75.21,89496218.0,71.91
74.75,75.03,73.74,74.97,108845100,75.21,151634588.0,74.45
77.03,77.24,76.49,76.83,97829900,77.49,145859868.0,76.95
114.43,116.15,114.13,115.46,36235956,115.37,35249814.0,115.71
73.6,73.81,70.27,70.59,264036500,82.26,130837994.0,71.82
74.22,74.3,72.66,72.76,106684900,75.21,77280798.0,73.89
88.24,88.56,87.9,88.01,50701700,88.19,95014276.0,86.75
74.55,74.77,73.31,73.49,107338700,75.21,80022502.0,74.08
86.88,87.8,86.59,87.74,106070300,89.07,108002160.0,87.14
97.66,98.08,96.08,96.32,38020494,100.37,40168182.0,96.44
104.94,104.96,102.91,103.39,33816556,99.37,35703496.0,104.68
86.92,87.57,85.79,86.33,125995800,89.07,98014840.0,87.53
66.69,66.81,65.55,66.66,89881400,68.09,83925352.0,67.72
108.84,108.87,106.57,107.91,46765550,113.1,63866184.0,106.66
86.78,88.2,86.6,87.78,83870500,87.32,71707986.0,88.13
73.06,73.29,71.79,71.98,119084000,79.84,171089674.0,71.06
122.28,123.38,121.9,123.07,43988946,126.18,46247810.0,123.73
96.19,96.81,95.72,96.32,52612800,94.55,46231564.0,96.32
90.95,91.44,90.3,90.9,36436000,89.96,61743380.0,90.56
82.67,83.69,82.56,83.6,58052400,81.44,67742528.0,85.17
91.24,92.02,90.82,91.93,36585000,94.55,51007084.0,91.91
108.53,110.25,108.11,108.84,30836997,117.69,37884020.0,110.41
69.55,73.07,69.49,73.03,157776500,79.84,171576566.0,72.47
78.46,79.01,78.07,78.72,77856800,80.63,107845276.0,78.97
57.48,59.5,57.22,59.05,196379400,67.41,155925980.0,60.16
86.55,87.67,86.5,87.65,64029000,89.96,70217778.0,88.56
60.27,60.32,59.52,59.69,82809300,61.64,133286748.0,58.45
113.77,114.35,113.42,114.04,31073984,115.37,37291053.0,112.13
124.53,125.07,123.69,124.92,37816283,128.71,57860878.0,124.12
108.4,108.63,106.72,107.35,44462449,108.68,62167887.0,108.96
75.74,75.75,74.51,74.61,83205500,71.56,78719578.0,75.02
70.43,70.62,69.22,70.12,66622500,73.73,65114098.0,70.26
92.25,92.29,90.56,90.84,45477900,89.96,58835314.0,90.32
95.2,96.42,95.12,96.28,69274700,94.55,46434848.0,96.32
78.88,80.19,78.86,79.96,151782400,78.26,146801452.0,80.36
103.73,104.5,103.16,103.93,26132955,96.45,45273851.0,103.46
92.44,93.16,90.99,92.2,68531478,109.77,36955675.0,92.1
92.03,92.08,90.54,91.08,46622188,100.37,42148796.0,92.61
103.03,105.65,102.74,105.24,53411773,109.77,53338948.0,108.35
90.56,90.8,88.22,88.71,57298000,91.77,57743156.0,89.99
108.45,111.21,107.95,110.82,48967763,108.68,60382357.0,110.81
116.67,117.12,114.79,115.19,32482528,120.05,47973806.0,116.29
123.8,124.11,122.67,122.91,44066841,126.18,47221685.0,120.75
60.61,61.45,60.19,61.25,118149500,57.49,118966316.0,60.71
57.27,57.44,56.15,56.48,89611900,61.64,128926896.0,55.88
93.61,94.66,93.38,94.53,30949090,100.37,41756966.0,94.94
91.84,92.04,90.69,91.09,39958000,94.55,55799304.0,90.64
96.37,97.95,96.3,97.76,38918997,100.37,36565794.0,97.75
123.24,124.36,123.07,124.29,44891737,115.37,56645624.0,124.04
85.22,85.74,84.92,84.95,78870400,81.44,68880546.0,86.5
124.3,124.44,123.26,123.31,36886246,128.71,46012433.0,123.07
98.51,98.55,97.88,98.16,44567000,94.55,46657344.0,98.93
