open,high,low,close,volume,50ma,label
78.01,78.97,75.73,78.85,204165500,138824658.0,1
78.43,79.33,78.26,78.4,161010500,140074746.0,2
77.78,78.66,77.49,77.99,155967700,141903118.0,1
78.14,78.31,77.34,77.56,107622200,142980138.0,1
78.04,79.0,77.46,78.98,148935500,144895912.0,1
78.88,80.19,78.86,79.96,151782400,146801452.0,2
80.46,80.86,79.41,80.36,163865100,148864268.0,1
79.74,80.23,79.01,79.36,152059600,150521504.0,2
79.21,79.45,77.8,78.01,182759500,152868002.0,2
78.31,80.52,78.12,80.5,149587900,153789888.0,1
81.62,82.26,81.0,81.89,208639900,156432374.0,1
81.24,81.44,80.28,81.24,143245200,156559088.0,1
81.58,82.58,81.12,82.46,160324500,154974008.0,0
81.47,83.26,81.36,82.79,149384200,156341766.0,0
83.27,83.8,81.46,81.77,222431300,159291846.0,0
82.78,82.87,81.11,81.48,174153700,160878214.0,0
81.33,82.15,80.74,81.04,153584200,161991480.0,0
81.21,81.29,78.53,78.75,214911200,164939474.0,0
79.38,79.41,75.24,75.49,262696700,169259426.0,1
75.33,79.37,74.42,79.34,256382000,172954068.0,0
79.86,80.71,78.42,79.16,238632800,176479660.0,1
78.1,78.69,76.06,76.44,208679800,179072138.0,2
76.95,77.37,74.22,74.56,257746300,182187614.0,2
74.25,75.04,72.43,74.39,241632300,182599186.0,2
73.21,73.87,72.22,72.9,269037300,184823422.0,2
80.11,80.42,78.85,79.37,226444400,186766230.0,0
79.93,79.98,78.35,79.08,134017100,187144580.0,0
78.73,78.88,78.14,78.46,101680600,181647592.0,0
77.79,77.86,75.86,75.99,126536200,179455556.0,0
76.11,77.65,75.63,75.75,152749800,179831526.0,0
75.5,76.43,75.32,76.25,106847300,178940496.0,0
76.84,76.95,75.51,75.71,97637400,178476732.0,1
75.09,75.26,73.54,73.55,132498100,178286556.0,1
73.06,74.53,73.03,74.1,115029600,178511788.0,1
74.11,74.36,72.7,73.93,124313000,178260138.0,0
73.35,74.69,72.98,74.06,120176000,177661722.0,0
74.76,74.93,73.97,74.24,83300000,174567666.0,0
73.52,74.75,73.43,73.74,99886500,173149046.0,0
73.2,73.84,72.56,72.64,88156600,172753616.0,1
73.06,73.29,71.79,71.98,119084000,171089674.0,1
72.09,72.46,70.4,71.06,140224000,169842960.0,2
70.96,71.24,68.98,68.98,179305000,169436456.0,2
69.48,70.71,67.95,69.01,183073100,170515632.0,2
69.55,73.07,69.49,73.03,157776500,171576566.0,1
74.11,74.67,71.9,72.47,173717600,173014506.0,2
72.54,74.53,71.99,74.24,146224400,172484718.0,1
74.93,75.02,73.03,73.56,124057500,167871648.0,1
73.46,73.63,72.67,73.17,82126800,163715594.0,1
74.29,74.69,73.56,74.46,95127200,161490700.0,1
74.06,75.47,73.72,75.36,132357400,159631668.0,1
75.57,75.66,74.36,75.18,122918600,158006730.0,1
74.06,74.51,72.94,73.0,130246900,157391458.0,2
73.06,73.84,71.37,73.43,139248900,157057082.0,1
73.03,73.71,72.65,73.24,97053600,156845710.0,2
73.88,74.67,73.58,74.36,100363900,155874278.0,1
75.12,75.12,74.23,74.39,94941700,154737464.0,1
74.38,75.55,74.04,75.51,86879100,153197744.0,1
76.48,76.58,74.25,74.32,147816200,153112876.0,2
74.75,75.03,73.74,74.97,108845100,151634588.0,1
74.76,75.27,74.22,74.45,73395000,150110730.0,2
74.33,74.62,73.81,74.37,86393300,147665798.0,1
74.3,74.77,74.11,74.71,83813800,146477170.0,1
74.29,76.5,74.22,76.22,110103000,145472740.0,0
75.91,76.77,75.87,76.44,90351100,144292078.0,0
76.54,76.67,75.57,76.22,89735800,141638168.0,1
76.18,76.54,75.14,75.17,81587800,139786850.0,1
75.34,75.76,74.87,75.74,71117900,138137524.0,1
75.12,75.44,74.22,74.27,76095600,135361212.0,2
74.34,74.75,73.82,74.43,69134100,131489960.0,2
74.82,75.05,74.42,74.76,50749300,127377306.0,2
74.39,74.69,73.6,74.04,70709100,124018832.0,2
75.21,75.99,74.72,75.99,105375200,121952740.0,2
76.09,77.22,75.94,77.1,100023000,118798274.0,2
77.41,78.07,77.29,78.0,60428200,115174192.0,1
78.15,79.94,78.03,79.37,121095800,112215362.0,1
79.0,79.17,78.28,78.84,104732600,109781126.0,1
78.76,79.88,78.61,79.88,94851400,108997812.0,1
80.41,80.66,78.76,79.14,127989400,109523988.0,1
78.87,79.07,77.71,78.65,117330500,109339874.0,1
78.1,78.52,77.12,77.93,107010400,108425086.0,2
78.46,79.01,78.07,78.72,77856800,107845276.0,1
78.74,79.58,78.73,78.97,75315100,107398830.0,1
79.48,79.57,78.48,78.98,73406200,106216992.0,1
78.93,79.16,78.54,78.89,63175000,105179900.0,0
79.54,80.07,78.85,79.94,109215400,104877948.0,0
79.77,79.95,78.55,78.63,99367800,104461784.0,0
77.34,78.84,76.47,78.57,121993900,105235662.0,1
79.03,79.33,77.88,78.19,141283100,106063594.0,1
74.75,75.57,74.17,74.82,219328200,108687026.0,2
75.44,75.52,74.22,74.8,101658200,108338510.0,2
74.82,76.23,74.38,76.14,100984100,107553712.0,2
76.89,78.0,76.49,77.43,94785600,105863324.0,2
78.49,79.6,78.43,79.47,115581900,104513500.0,1
80.14,80.21,78.46,78.96,96125400,103280478.0,2
78.44,79.46,78.1,79.09,83039600,101466918.0,2
79.85,80.41,79.58,80.12,86230200,100267034.0,1
80.32,81.31,80.06,81.01,75525800,99296400.0,1
81.04,81.33,80.42,80.79,72611700,99106098.0,2
80.6,81.18,80.3,80.66,61176500,98427084.0,2
80.74,81.25,80.73,81.12,55410600,96888148.0,2
80.85,81.25,80.85,81.24,48734700,95404470.0,2
81.46,82.33,81.45,82.33,69708100,94193694.0,2
82.57,83.45,82.36,82.55,85042300,93109562.0,2
82.5,82.85,82.03,82.44,64335600,92455202.0,2
82.49,83.21,82.39,83.16,63633500,91720594.0,2
83.64,84.7,83.48,84.7,110690300,92035566.0,2
84.94,86.92,84.93,86.92,153346200,93364908.0,1
87.66,88.19,84.98,85.73,203179900,94472182.0,2
85.52,87.42,84.7,87.41,141330700,95121894.0,1
87.05,87.54,86.4,86.59,105032200,95754638.0,1
86.18,87.49,85.67,86.67,109335100,96213474.0,1
88.86,88.98,88.02,88.3,106752100,96672240.0,1
88.21,88.35,87.64,88.18,66854200,95807264.0,1
88.24,88.56,87.9,88.01,50701700,95014276.0,1
87.64,87.76,86.62,86.75,75674900,94733058.0,2
87.2,87.37,85.89,86.93,84580300,94792908.0,1
87.0,88.23,86.84,88.2,91973000,95210010.0,0
88.28,88.38,87.5,87.59,84093800,95369974.0,1
87.97,88.64,87.66,88.38,97799100,95943274.0,1
88.61,89.19,88.31,88.92,82416600,96576620.0,1
88.92,89.29,86.52,86.61,121999500,97602428.0,2
86.92,87.57,85.79,86.33,125995800,98014840.0,2
87.14,87.54,85.73,87.53,178058300,99575546.0,2
88.52,89.58,88.18,89.25,149590000,101358782.0,2
90.16,91.08,89.89,90.34,150118500,101939236.0,1
91.39,91.45,90.77,91.45,99507800,101834740.0,1
91.46,91.78,91.01,91.73,93375800,101805228.0,0
91.51,92.0,91.42,91.75,81718700,100879814.0,0
91.37,91.48,90.64,91.31,84142100,100216046.0,0
91.79,92.14,91.39,91.49,142897300,100933784.0,0
89.76,90.84,89.25,90.27,159941600,102575480.0,0
89.94,90.53,87.95,88.02,129697400,103663126.0,1
87.39,87.91,86.41,86.93,144125800,105077518.0,1
86.81,89.15,86.29,89.04,148522500,106784468.0,0
88.7,89.01,87.13,87.18,133777700,107275714.0,0
87.75,88.44,85.79,86.17,135898700,108006332.0,0
86.48,87.08,85.03,86.42,156998100,108706416.0,0
86.88,87.8,86.59,87.74,106070300,108002160.0,0
87.72,88.11,86.97,87.14,92681400,105469224.0,0
86.93,87.03,85.11,85.28,148501500,106406090.0,0
84.53,84.62,83.13,83.4,159498500,107576378.0,1
83.46,83.7,81.48,83.09,209649300,109873652.0,2
83.6,84.29,83.24,83.75,127589000,110113794.0,1
84.48,84.58,82.08,82.08,136520300,110921692.0,1
82.27,83.03,81.71,82.29,115003700,111560974.0,0
82.64,83.0,81.52,82.95,108125500,111998880.0,1
83.03,84.98,82.46,84.92,137442900,113237222.0,0
84.79,85.31,84.16,84.24,97259400,113730176.0,0
83.58,83.9,82.33,82.67,119156100,114889768.0,0
82.47,82.56,79.66,79.69,186021500,117501986.0,1
80.03,83.03,79.81,82.86,136682700,119260946.0,0
82.46,82.84,79.94,80.15,176786400,121402512.0,0
81.21,81.88,79.8,80.61,139631800,122494302.0,0
81.02,81.28,79.13,79.65,164081400,124489218.0,0
79.64,80.24,77.23,78.93,254608200,128308712.0,0
77.74,78.66,76.8,77.8,127500800,128644922.0,0
78.18,78.8,77.65,77.96,90324500,127384488.0,0
77.87,78.01,75.11,75.38,149843400,126317758.0,0
76.25,76.81,75.48,76.4,132283900,126136822.0,0
77.13,77.2,75.81,76.17,93729300,125910764.0,0
75.33,75.42,72.96,73.25,198412200,127692306.0,0
73.6,73.81,70.27,70.59,264036500,130837994.0,0
70.94,72.84,70.06,71.82,232478400,134150478.0,0
72.75,72.79,70.71,71.26,128950500,135715454.0,2
70.75,72.26,70.41,71.27,133237300,136866702.0,2
71.61,71.87,70.39,70.48,119292600,137560948.0,2
70.56,70.82,68.61,69.0,197477700,139671042.0,2
68.95,69.58,66.39,69.27,316723400,144323634.0,2
70.98,74.5,70.87,74.27,205829400,146484240.0,2
75.08,75.08,72.8,73.64,160688500,148049678.0,2
74.07,74.48,73.07,73.74,93250500,147474698.0,2
74.46,75.09,73.86,75.02,68206600,146318914.0,2
75.6,77.45,75.32,77.39,157644900,145910646.0,1
77.39,77.51,76.15,76.77,133332500,145585496.0,1
75.78,76.9,75.12,76.53,130216100,145187448.0,0
77.48,78.01,76.83,77.37,128674700,145770786.0,0
77.03,77.24,76.49,76.83,97829900,145859868.0,0
77.93,78.06,76.86,76.95,91070000,146046894.0,0
76.38,76.38,75.11,75.6,139267100,147149394.0,0
74.68,74.73,70.73,70.73,261159500,149514638.0,1
69.44,72.64,68.08,71.84,294303100,152201868.0,0
72.65,72.88,69.58,70.0,196760200,153543124.0,0
68.92,70.69,68.47,69.55,157621100,153813030.0,0
70.86,72.14,70.54,71.07,148086400,153804308.0,1
71.91,71.94,70.4,70.76,121786000,153564474.0,0
69.73,70.58,69.02,69.54,156314900,153972798.0,1
67.58,68.02,66.37,66.92,252394800,155880732.0,1
66.81,68.26,65.8,68.11,189401800,157547362.0,1
68.92,70.22,68.3,70.09,156421300,158822160.0,0
69.77,70.06,68.99,69.09,112342300,158098976.0,0
69.58,69.6,68.12,68.49,120422400,157317454.0,0
67.28,68.22,66.98,68.18,149067100,156105810.0,2
68.31,68.82,68.1,68.29,43938300,154432796.0,2
68.13,68.19,67.1,67.34,75609100,153214572.0,2
67.42,67.77,66.25,67.62,113780100,153190100.0,2
66.99,67.54,66.7,66.9,88569600,152798982.0,2
67.02,70.29,66.82,69.86,164873100,153347586.0,1
72.7,72.86,71.1,72.08,140129500,154204988.0,0
71.92,72.16,71.02,71.16,88241300,153586692.0,0
70.49,70.71,69.03,69.18,148583400,152837930.0,1
68.53,69.48,67.63,68.78,121039100,152525058.0,0
69.47,69.82,68.43,68.96,114676800,151282866.0,0
68.59,68.92,67.74,67.88,101901100,150528252.0,0
69.39,69.41,67.68,68.72,150286500,150252354.0,0
68.4,68.96,68.14,68.3,87626700,146912724.0,0
65.99,66.62,65.44,65.87,183551900,148033746.0,1
65.42,65.51,63.46,63.79,219193100,150611118.0,2
64.94,66.88,64.65,66.44,172701200,151068274.0,0
66.99,67.05,65.9,65.99,113419600,150690988.0,0
65.44,65.93,65.17,65.64,118230700,151181016.0,0
66.24,66.67,65.2,66.26,115386600,149520504.0,0
66.8,67.61,66.26,67.48,215377400,148547322.0,0
60.39,61.14,59.11,59.14,365213100,151202016.0,1
59.3,59.89,57.1,57.75,302006600,154663138.0,2
57.48,59.5,57.22,59.05,196379400,155925980.0,1
60.19,60.41,59.35,60.16,142789500,156395918.0,1
59.99,60.73,59.66,59.97,104288800,154532140.0,1
59.99,60.29,59.73,59.8,79833600,149794344.0,2
60.27,60.32,58.86,59.55,134871100,148375178.0,2
59.59,59.85,58.02,58.07,119279300,147546994.0,2
58.29,60.35,58.05,60.1,143336900,148548722.0,2
59.92,61.24,59.41,60.04,148426600,150153122.0,2
61.17,62.06,59.96,61.82,176145200,150523128.0,1
62.59,63.22,61.83,62.72,158289600,151022270.0,0
62.92,64.03,62.49,63.37,129372600,151005400.0,0
63.32,63.69,61.76,61.78,152263300,151477172.0,0
61.69,62.54,61.16,61.66,118801900,151896612.0,0
61.34,62.28,61.27,61.61,88818800,151851588.0,0
61.91,62.08,60.73,60.76,97936300,151024972.0,0
60.88,61.1,59.93,60.74,108945900,147980700.0,0
60.43,60.43,59.26,59.27,119075600,144476150.0,1
58.89,59.31,58.47,58.9,111795600,142776858.0,1
59.32,59.63,58.97,59.53,82663700,141277710.0,0
59.93,60.1,58.44,58.47,93144800,140178878.0,0
58.6,59.62,57.79,59.28,125374900,140250656.0,0
59.21,59.74,58.18,58.7,146837600,140061110.0,0
58.63,59.14,58.28,58.28,80628800,136625790.0,0
57.83,57.86,56.78,56.84,138112100,135599996.0,1
56.49,56.54,55.33,55.46,145688900,135385348.0,2
55.65,57.46,55.56,56.93,159608400,136330670.0,1
57.37,57.47,56.04,56.2,115062500,136223472.0,1
56.05,57.04,55.6,56.86,117118400,135584498.0,1
56.75,57.5,56.59,57.0,97870500,136663142.0,2
56.74,57.97,56.14,57.82,118559000,137522140.0,2
57.52,57.95,56.46,56.57,116477900,137576096.0,2
56.57,57.37,56.16,56.56,101387300,137832450.0,2
57.15,57.39,56.84,57.11,75968900,136054366.0,2
57.82,58.66,57.74,58.58,160990200,136471580.0,2
58.29,60.4,58.26,60.17,151549300,137737740.0,1
60.67,60.87,59.22,60.01,131693800,137399948.0,1
60.4,60.43,59.36,59.69,77165200,136522470.0,1
59.45,60.47,59.43,59.78,95813900,136145212.0,0
60.02,61.02,59.83,60.99,98776300,136082716.0,0
61.36,62.05,60.97,61.21,125283900,135582664.0,0
61.46,61.51,60.81,60.89,73573500,135301600.0,0
60.27,60.32,59.52,59.69,82809300,133286748.0,0
59.4,59.66,58.31,58.45,110709900,131117084.0,0
58.35,58.59,56.48,56.63,97433000,129611720.0,1
56.46,57.85,56.3,56.75,132379800,129990924.0,1
56.96,57.74,56.82,57.04,90804000,129442390.0,1
57.27,57.44,56.15,56.48,89611900,128926896.0,1
56.05,56.11,55.42,55.88,95923800,126537824.0,1
56.1,56.45,55.79,56.28,75207300,120737708.0,1
56.3,56.58,55.82,56.38,76653500,116230646.0,1
56.53,57.71,56.25,57.53,93982000,114182698.0,0
57.27,57.83,56.94,57.35,82091100,112968730.0,0
57.33,57.33,56.66,56.75,59653300,112076020.0,0
56.38,56.5,55.4,55.44,79380000,112066948.0,0
55.66,56.33,55.53,56.28,76442800,110898382.0,0
55.49,55.54,52.57,53.19,236264000,113238076.0,1
53.48,53.58,51.46,51.77,166574800,113702834.0,2
51.23,52.76,50.85,51.57,152318600,113780674.0,2
51.84,53.11,51.66,52.64,107480100,112407372.0,2
53.34,53.92,52.66,53.63,166059600,112562772.0,2
51.96,54.83,51.83,53.54,242412800,114823576.0,2
54.3,54.66,53.74,53.92,96209400,113702498.0,2
54.11,55.3,53.91,55.09,191024400,115146948.0,2
55.52,57.26,55.46,56.79,160081600,116572204.0,2
57.45,58.79,57.05,58.46,172884600,118071170.0,2
58.69,58.75,57.36,58.0,126727300,118426798.0,2
58.33,59.23,58.18,58.83,105457100,118154428.0,2
59.59,59.84,59.31,59.42,90325200,117725020.0,1
60.17,61.03,59.99,60.83,124160400,118554954.0,1
61.4,61.5,59.91,60.56,120938300,119110824.0,0
60.61,61.45,60.19,61.25,118149500,118966316.0,0
61.12,61.54,60.55,60.71,99621900,118022002.0,0
60.87,61.1,59.88,60.21,83713000,118083686.0,0
60.01,60.86,60.01,60.44,79237200,116906188.0,0
60.32,60.5,58.77,59.0,111779500,116228000.0,1
58.37,58.62,56.14,57.0,185403400,116743900.0,2
56.26,58.2,55.68,57.76,150801000,117458670.0,1
58.36,58.5,57.29,57.59,106976100,117255824.0,2
57.41,59.25,57.17,58.87,112894600,117556306.0,1
58.24,59.21,57.71,58.44,114005500,117465236.0,1
59.02,59.59,58.25,58.66,110759600,117350870.0,2
57.94,59.3,57.92,58.77,88255300,117088230.0,1
58.6,59.24,58.53,59.17,69041700,116949686.0,1
59.8,59.96,58.6,58.67,96536300,115660608.0,1
58.48,59.48,58.4,59.14,82644100,114282504.0,1
59.23,60.41,59.08,60.02,88379900,113416226.0,0
60.14,60.76,59.75,59.78,96075700,113794436.0,1
59.91,60.13,58.81,59.91,93088100,113739920.0,0
60.24,60.4,59.46,59.72,73182200,113228038.0,0
59.23,59.91,58.98,59.16,72647400,112175308.0,0
59.21,59.41,57.69,58.28,104233500,112788508.0,1
58.02,58.91,57.52,58.72,101133900,113155000.0,0
59.11,59.69,58.06,58.34,112538300,113191568.0,1
57.92,58.85,57.6,58.16,71528100,112673470.0,1
58.42,58.65,57.35,57.44,66306800,111352010.0,0
57.49,58.1,56.99,57.95,71458100,110965092.0,0
57.87,57.99,56.95,57.16,67966500,110532184.0,0
57.34,57.91,57.2,57.42,64853600,109910780.0,0
57.36,57.8,57.18,57.39,48756400,109381762.0,0
57.34,57.37,56.22,56.22,77735000,109403392.0,0
55.73,56.62,55.18,55.4,89327700,109310306.0,0
55.62,55.82,54.24,54.96,120279600,110074076.0,0
54.15,54.32,52.91,53.5,120186500,111284740.0,1
53.92,54.2,53.01,53.52,78540700,111267954.0,2
53.68,53.8,52.59,52.91,91931000,111577718.0,2
53.07,53.35,52.31,52.34,84311500,108538668.0,2
52.02,53.2,51.69,52.7,144629100,108099754.0,2
53.52,54.8,53.33,54.39,97763400,107008650.0,2
54.49,56.04,54.42,55.62,117466300,107208374.0,1
55.94,56.22,55.49,55.93,60232200,105091826.0,1
55.88,56.26,55.21,55.48,68506200,101613694.0,2
55.84,55.96,54.58,55.17,74534600,101180198.0,2
54.97,56.29,54.55,56.14,88146100,99122632.0,1
55.77,56.46,55.59,55.92,70351400,97328028.0,2
56.22,56.92,55.98,56.79,81573100,95501798.0,1
56.84,57.13,56.28,56.69,69890800,94365068.0,1
56.49,57.35,56.46,56.81,60479300,93465512.0,1
56.69,57.25,56.38,57.18,54134500,92741698.0,0
57.11,57.45,56.92,57.2,49747600,91253442.0,2
57.6,57.8,57.24,57.39,54719700,89929070.0,1
57.57,57.68,56.4,56.48,67180400,88909688.0,2
57.08,57.12,56.55,56.66,51949100,87956232.0,2
56.62,56.75,55.65,55.69,92348900,88128950.0,2
58.34,59.09,57.85,58.55,147984200,89503890.0,2
58.58,58.67,57.93,58.28,57373400,88415768.0,2
57.86,58.62,57.73,58.62,50038100,85708462.0,2
58.59,59.81,58.51,59.52,62014400,83932730.0,2
59.81,60.76,59.71,60.25,77355600,83340320.0,2
60.48,60.79,59.74,60.15,80739400,82697216.0,2
60.58,60.72,60.24,60.7,51562700,81448360.0,1
60.88,61.52,60.7,61.48,68695900,80607086.0,1
61.76,62.56,61.43,62.4,79713900,80436258.0,1
62.21,62.72,61.43,61.84,83714400,80729712.0,2
61.65,62.07,61.38,61.8,74714500,80293276.0,2
62.06,62.09,61.27,61.68,63944300,79919280.0,2
61.36,61.61,60.7,60.8,66716300,79486008.0,2
61.12,62.7,61.09,62.53,91108500,79386664.0,2
63.01,66.18,62.62,65.5,220485300,81934608.0,2
66.61,67.46,66.01,66.7,189093100,84252826.0,1
66.42,67.22,65.44,66.62,122573500,85251348.0,1
66.92,67.29,66.74,67.21,90576500,84978208.0,1
67.48,68.74,67.43,67.93,127629600,85508122.0,1
68.2,68.31,67.01,67.04,89672100,85050798.0,0
67.38,67.85,67.06,67.21,83969900,85299634.0,0
67.56,67.64,66.66,67.29,61051900,85194536.0,0
67.33,67.34,66.81,67.03,55682900,84879032.0,0
67.0,68.26,66.96,67.29,82741400,85174530.0,0
66.63,67.23,65.06,65.37,106047200,85998402.0,2
65.02,66.34,65.02,65.68,76902000,86561314.0,1
65.78,66.43,65.71,65.79,59914400,86204902.0,1
65.83,65.95,65.09,65.19,68074300,85779834.0,2
65.97,66.98,65.2,65.37,82982200,85033886.0,1
66.84,67.2,66.4,66.72,86258200,84355320.0,0
66.93,66.99,66.05,66.26,59091900,83966344.0,0
66.69,66.81,65.55,66.66,89881400,83925352.0,0
67.57,67.96,67.36,67.72,85171800,83942558.0,0
67.73,67.89,65.49,66.18,185798900,84765954.0,0
62.48,63.38,62.19,62.58,224674100,87304168.0,1
62.68,63.6,62.35,63.24,101012800,86975098.0,1
62.8,63.13,62.17,62.2,74708900,87264632.0,1
61.68,61.76,59.84,60.22,135926700,88613042.0,2
59.93,61.51,59.87,60.92,99845200,89119254.0,2
61.97,62.4,61.63,62.17,114215500,89640642.0,2
62.98,63.66,62.78,63.19,101135300,90256320.0,2
63.95,64.03,62.35,62.54,174825700,92121372.0,2
66.38,66.48,64.57,65.64,190526700,94534090.0,0
66.21,66.29,65.27,65.44,91086100,95146226.0,1
65.45,65.51,64.41,64.43,79239300,95648322.0,1
65.02,65.37,64.74,65.05,59305400,95839478.0,1
64.73,64.85,64.32,64.59,57010100,95885286.0,1
63.85,64.44,63.47,63.79,65039100,95842460.0,2
64.01,65.44,64.0,65.29,88470900,96572896.0,1
64.97,65.8,64.72,65.5,72296000,96171838.0,1
65.63,65.87,64.32,64.68,80688300,94825920.0,1
64.74,64.84,64.03,64.63,64717100,94972794.0,2
65.1,65.91,64.94,65.26,78073100,95533494.0,1
65.55,65.64,64.29,64.35,72729300,95747792.0,2
64.84,65.26,63.99,65.1,75431300,95709306.0,2
65.74,65.88,65.16,65.51,69650700,95487532.0,2
65.16,66.07,64.91,65.94,66934700,95794972.0,2
65.54,66.57,65.47,66.37,65474500,95730544.0,2
66.56,67.16,66.3,66.72,80018400,95736634.0,2
67.0,67.24,66.79,67.05,62775300,95317852.0,2
66.89,67.54,66.85,67.5,63398300,95091528.0,2
67.7,68.14,67.66,68.09,72635500,95265352.0,2
68.47,70.15,68.44,69.76,99526700,95921560.0,1
70.43,70.7,67.97,69.56,133515900,96769708.0,1
69.44,70.33,69.44,70.24,78430800,93928618.0,1
70.24,71.24,69.9,71.17,96191200,92070580.0,1
71.09,71.34,70.26,70.37,84448000,91308070.0,1
70.78,71.04,70.0,70.89,137610200,92248744.0,1
71.75,72.15,68.84,69.13,158951800,92875188.0,1
69.52,70.58,69.17,70.23,88540900,92852564.0,1
70.24,70.58,69.74,69.93,68924100,92551648.0,1
70.11,70.22,69.02,69.58,68722500,92705060.0,1
69.72,70.48,69.41,70.48,61156900,92814540.0,1
70.18,70.76,69.97,70.3,66303300,92485778.0,1
70.54,70.63,69.74,70.1,55843900,91481712.0,1
69.92,70.41,68.95,68.97,65655100,91256774.0,2
69.25,70.13,68.98,70.05,69829200,91455070.0,1
69.98,70.2,69.23,69.85,56863100,91230846.0,1
69.66,70.51,69.58,69.98,51069200,90592586.0,1
69.71,70.28,69.57,70.06,49305200,89853526.0,1
70.36,71.23,70.23,71.08,70604800,90083784.0,1
70.86,71.2,70.58,70.65,79480100,89875758.0,1
70.65,70.95,69.74,69.79,61236000,89397042.0,1
69.85,70.43,69.71,69.92,52234700,86725758.0,2
69.88,70.04,69.22,69.31,48479200,83201860.0,2
69.66,70.14,69.13,70.13,65506700,82491738.0,2
69.91,70.27,69.78,69.95,55931400,82116188.0,2
70.12,70.77,70.11,70.48,57327900,80544212.0,2
70.53,72.15,70.52,71.78,100345700,80554222.0,2
72.17,73.48,71.78,73.47,90862100,80087154.0,2
73.95,75.14,73.72,74.83,79531900,79655086.0,1
75.09,75.94,74.13,74.18,118136200,78521296.0,2
75.13,76.22,75.05,76.21,112742000,76965602.0,1
76.1,76.6,75.47,76.04,94452400,77032928.0,1
77.06,77.4,76.22,76.42,111895000,77686042.0,1
76.14,76.27,75.3,75.36,86088100,78221696.0,1
75.48,76.65,75.48,76.23,80123400,78683962.0,1
75.84,76.42,75.52,76.11,69567400,78774528.0,1
76.3,76.84,75.32,75.54,89929700,78803704.0,1
75.65,76.08,75.37,75.43,65572500,78669234.0,0
75.74,75.75,74.51,74.61,83205500,78719578.0,1
74.69,75.72,74.69,75.02,70648200,78838200.0,2
74.8,75.29,74.47,74.69,57475600,78426250.0,2
73.98,74.21,72.51,74.12,141465800,79800980.0,2
73.95,74.02,73.17,73.27,80077200,79893898.0,2
73.4,74.23,73.32,73.88,109103400,80682952.0,1
76.44,76.8,75.73,76.72,125326600,81850790.0,1
76.69,76.96,76.17,76.39,41888700,81379074.0,0
76.45,76.64,75.82,75.89,51002000,80798746.0,0
75.88,75.96,75.29,75.37,56471100,80672662.0,0
75.02,75.37,74.33,74.62,63407400,80672844.0,0
74.58,75.53,74.55,75.5,55771100,80335556.0,0
74.78,74.96,74.29,74.44,58671200,79518446.0,0
74.4,74.51,72.73,72.8,98116900,78810466.0,1
72.33,73.58,71.81,73.2,103152700,79304904.0,1
73.25,73.47,72.39,72.68,79302300,78967126.0,1
72.51,73.42,72.49,73.14,64632400,78570814.0,2
73.58,73.59,72.04,72.2,69787200,77214354.0,2
72.65,72.78,71.47,71.72,76244000,75560198.0,1
71.31,73.01,71.31,72.1,94623200,75681844.0,2
72.43,73.58,72.36,73.53,83140400,75966170.0,1
74.49,75.39,74.24,75.01,97909700,76549914.0,1
74.68,74.94,74.24,74.59,57319500,76473166.0,1
74.22,74.3,72.66,72.76,106684900,77280798.0,1
72.8,74.02,72.73,73.89,82131700,77806554.0,0
74.14,75.0,73.72,74.22,94996300,78393378.0,0
74.01,74.89,73.32,74.85,100809800,79012990.0,0
74.55,74.77,73.31,73.49,107338700,80022502.0,0
74.02,74.66,73.44,74.08,138719700,81775512.0,0
68.47,69.31,67.57,68.16,266380800,86117024.0,1
67.82,68.28,67.1,67.39,125702500,87218978.0,2
67.63,68.16,66.84,67.26,169625400,89021884.0,2
66.64,67.49,66.42,67.37,116199300,90121150.0,2
67.64,68.33,67.19,67.49,100366000,91083776.0,2
68.08,68.56,67.66,68.47,94170300,91997598.0,2
68.17,69.34,68.13,68.98,82086200,92329188.0,2
69.05,69.52,68.75,69.38,64441300,92499386.0,2
70.58,70.79,70.04,70.35,92570100,93204230.0,2
70.22,72.02,70.13,71.62,86389800,92925112.0,2
71.83,72.8,71.68,72.56,70564200,92519154.0,1
72.69,73.05,72.19,72.55,77025200,92469020.0,1
72.38,73.76,72.32,73.7,76849500,91643286.0,0
73.44,73.92,73.27,73.64,68231100,90753068.0,0
73.92,74.62,73.86,73.92,65062900,90165278.0,0
73.75,74.04,72.34,72.75,78442000,89496218.0,0
72.16,72.7,71.62,71.91,76464500,89303746.0,1
72.13,72.37,71.02,71.11,69696200,89095202.0,1
70.82,71.74,70.72,71.42,72227400,89148402.0,1
71.67,71.69,70.53,70.68,57988000,88509568.0,1
70.89,71.08,69.8,70.04,69054300,88579204.0,2
70.01,71.59,69.86,71.44,75470500,88424504.0,1
71.63,72.12,70.68,71.24,92992200,88871384.0,1
70.86,71.84,70.78,71.45,59695300,88915778.0,1
71.89,72.11,71.45,71.92,64785000,87382162.0,1
71.88,72.4,71.63,72.07,50015700,86780932.0,1
72.13,72.35,71.49,71.85,46372200,85526308.0,1
71.9,72.02,71.22,71.81,55182400,84123424.0,1
71.53,72.2,71.53,71.88,44646000,84178570.0,1
72.49,72.94,72.1,72.58,69806100,84554652.0,1
72.36,72.75,72.02,72.65,49831600,84421862.0,1
72.76,73.06,71.64,71.84,64435700,84442428.0,1
71.59,71.87,70.8,71.03,59299800,84513002.0,1
71.44,71.75,71.19,71.31,49886200,84337302.0,2
71.2,72.02,71.1,71.94,52411800,83423200.0,2
72.06,72.6,71.62,71.92,56189000,82483926.0,1
71.74,72.11,71.39,71.58,52099600,81939872.0,1
72.01,72.26,71.26,72.14,93511600,82517456.0,1
72.89,73.17,72.44,73.0,88925200,82900216.0,1
73.31,73.88,73.05,73.78,70573300,82786802.0,1
73.99,74.32,72.95,73.08,74942000,82393178.0,1
73.11,73.31,72.44,72.76,55507900,81840528.0,1
72.88,72.96,72.33,72.68,50141000,80885154.0,1
73.0,73.22,72.55,72.66,42167300,80582110.0,0
72.8,73.36,72.67,73.33,50190000,79452212.0,0
73.43,73.58,73.14,73.45,45105200,78711682.0,0
73.29,73.44,72.79,72.94,40586000,77623476.0,0
73.08,73.1,71.83,72.0,68812800,76983536.0,0
71.48,71.87,70.65,70.87,72462600,76286014.0,1
71.1,71.23,70.22,70.86,60972100,74731062.0,1
70.76,71.82,70.67,71.8,51542400,70434294.0,0
71.84,72.06,70.83,70.87,59913000,69118504.0,1
70.26,70.78,70.01,70.34,67929400,67084584.0,2
70.66,70.69,70.02,70.62,51418500,65788968.0,1
70.43,70.62,69.22,70.12,66622500,65114098.0,1
70.13,70.54,69.6,70.26,53691400,64304520.0,2
70.4,71.45,70.29,71.07,71083600,64084468.0,2
71.12,72.04,70.93,71.91,45637200,63708386.0,2
71.52,72.0,71.28,71.98,50640800,62869800.0,2
71.62,71.9,71.0,71.04,98735000,63116704.0,2
76.92,77.17,75.91,76.86,189977900,65504978.0,2
76.43,77.44,76.35,77.43,97568800,65915850.0,2
77.55,80.65,77.51,80.43,167371400,67726288.0,1
80.38,80.68,79.81,80.19,84344400,68048554.0,1
80.23,81.15,79.85,79.89,114160200,69030500.0,1
80.14,80.52,79.38,80.08,61012000,68681900.0,1
80.19,80.44,79.84,80.22,47878600,68110182.0,1
79.89,81.36,79.87,81.36,71766800,68151594.0,1
81.47,81.82,80.47,80.47,93641100,68579868.0,1
80.58,80.86,79.57,80.19,70716100,68834430.0,1
80.08,80.92,79.83,80.05,57574300,68604830.0,1
79.58,79.81,79.0,79.71,72899400,68553408.0,2
79.98,80.82,79.97,80.71,53302200,67759608.0,1
80.59,80.94,80.42,80.83,39934300,67364388.0,1
80.65,81.33,80.56,80.85,41601000,66900708.0,2
80.96,81.22,80.05,80.16,57711500,67054624.0,2
80.13,81.35,79.69,81.34,69064100,67508462.0,2
81.39,82.68,81.32,82.31,79438800,67993590.0,2
82.3,82.55,81.78,82.32,58709000,68274850.0,2
82.2,82.59,81.96,82.54,49214900,67863026.0,2
82.58,83.02,82.24,82.67,50190000,67870194.0,2
82.67,83.69,82.56,83.6,58052400,67742528.0,2
83.84,85.2,83.81,85.17,87216500,68300862.0,1
85.22,85.74,84.92,84.95,78870400,68880546.0,2
85.47,86.7,85.46,86.5,94118500,69714680.0,1
86.85,87.7,85.62,86.17,141005200,71411004.0,1
86.3,86.42,84.74,85.58,92337700,72215766.0,2
85.56,86.96,85.53,86.79,73177300,71809080.0,2
86.78,88.2,86.6,87.78,83870500,71707986.0,1
87.97,88.4,87.48,88.13,75951400,71815548.0,1
88.48,88.66,87.74,87.89,87484600,72066400.0,1
88.34,89.46,87.43,89.29,75414997,72464542.0,1
90.27,90.58,89.17,89.82,62777000,72717262.0,0
89.7,90.3,89.07,89.44,45681000,72787536.0,1
89.62,89.69,87.58,87.95,54749000,72878716.0,1
87.86,88.09,86.6,86.99,54525000,73067112.0,1
87.2,88.39,87.15,87.86,35561000,72966612.0,1
87.97,88.34,87.48,87.75,29726000,72184876.0,1
87.93,87.95,87.05,87.84,33514000,71405904.0,1
87.95,87.96,87.04,87.54,35528000,70897022.0,1
87.53,88.2,86.62,86.63,100898000,71884134.0,1
87.02,87.31,86.34,86.56,43694000,71559754.0,2
86.48,87.42,85.95,86.03,39036000,70981886.0,2
85.97,86.43,85.43,86.11,36869000,70690896.0,2
86.12,86.77,85.58,86.62,32629000,70011026.0,2
86.55,87.67,86.5,87.65,64029000,70217778.0,2
87.77,89.32,87.76,88.56,49589000,69787886.0,2
89.12,89.64,88.75,89.12,38223000,69639602.0,1
89.45,89.64,88.71,89.08,28465000,69196086.0,1
89.26,89.67,88.82,89.61,22891800,67679222.0,1
89.71,91.47,89.67,91.45,56468000,65009024.0,1
91.74,92.25,89.5,90.86,65222000,64362088.0,1
90.95,91.44,90.3,90.9,36436000,61743380.0,1
89.35,91.06,89.12,90.56,39686000,60850212.0,0
90.87,91.38,90.4,90.74,34018000,59247368.0,1
91.35,92.33,91.15,91.91,42810000,58883328.0,0
92.25,92.29,90.56,90.84,45477900,58835314.0,1
92.41,92.53,90.28,90.32,53502000,58470018.0,2
90.56,90.8,88.22,88.71,57298000,57743156.0,2
89.22,90.28,88.64,89.99,49988000,57328594.0,2
90.52,90.53,89.31,89.52,39079000,56958688.0,2
90.23,90.43,89.69,90.26,55197000,56604640.0,2
90.93,93.28,90.69,92.62,92918000,57396956.0,1
92.47,92.74,91.88,92.46,45729000,57512850.0,1
92.29,93.24,92.09,93.08,43469000,57550210.0,1
93.22,94.57,92.96,94.36,55318000,57502340.0,0
94.66,94.76,93.63,93.75,43143000,56983918.0,0
93.81,94.06,93.08,93.53,33010000,56055342.0,0
92.59,92.86,90.84,91.1,56843000,56018022.0,1
90.44,92.07,90.35,91.61,48511000,56003944.0,1
91.84,92.04,90.69,91.09,39958000,55799304.0,1
90.87,91.18,89.92,90.64,55933000,55756916.0,1
90.29,90.99,90.25,90.49,38558000,54783746.0,2
90.91,91.89,90.12,90.48,46711000,54140558.0,2
90.27,90.81,89.33,90.73,41865000,53095488.0,2
91.24,92.02,90.82,91.93,36585000,51007084.0,2
91.98,92.78,91.56,91.91,33795000,49836230.0,2
92.08,93.13,91.98,93.13,31916000,49011004.0,2
93.21,93.44,92.7,93.38,28116000,47895914.0,2
93.76,94.04,92.76,93.84,48951000,47355906.0,2
94.32,95.17,93.84,94.96,47572000,46557654.0,2
95.2,96.42,95.12,96.28,69274700,46434848.0,1
96.19,96.81,95.72,96.32,52612800,46231564.0,1
96.32,96.67,95.88,96.32,33421900,45986382.0,1
96.05,97.18,95.95,97.03,44102400,45773450.0,1
97.48,97.85,97.0,97.24,40144700,45485844.0,1
97.13,97.21,96.59,96.62,33119800,45437020.0,1
96.75,98.23,96.44,97.81,46827400,45779048.0,0
97.29,98.43,97.26,97.92,68389800,46476564.0,0
98.51,98.55,97.88,98.16,44567000,46657344.0,0
98.7,99.35,98.37,98.93,53491400,45709212.0,0
98.74,98.83,94.41,94.75,125233100,47339994.0,2
94.67,95.86,93.65,93.97,85594800,48271170.0,2
94.62,95.18,94.15,94.78,58353200,48700854.0,2
95.1,95.11,93.9,94.2,46277800,48973830.0,2
94.89,98.72,92.07,93.84,189560600,51484462.0,2
93.86,96.83,93.62,96.73,100741900,52507520.0,1
96.16,97.15,95.4,97.14,62353100,52990122.0,1
96.93,97.87,96.8,97.36,62626100,53673344.0,1
98.46,98.69,97.15,97.33,61216500,54439838.0,1
95.58,96.98,94.71,96.59,66818200,54646842.0,1
96.99,97.49,96.34,97.28,60892400,54560250.0,1
97.62,98.02,97.26,97.48,37023900,54572008.0,0
97.96,98.02,96.61,96.69,70838500,55195058.0,1
97.49,97.82,96.32,96.78,52722000,55569138.0,1
96.34,98.58,96.29,98.3,63347200,55979882.0,1
97.84,98.5,96.92,97.44,59725174,56264827.0,0
96.26,96.45,93.59,93.73,99565849,57186104.0,2
94.36,96.49,94.24,96.49,62370501,57287554.0,1
94.48,96.19,94.46,95.88,49766312,57283121.0,1
96.54,97.24,96.28,96.49,55264139,57606824.0,1
96.33,96.43,94.52,94.98,51491286,57532709.0,1
95.07,95.98,93.89,95.67,47757828,56629506.0,1
95.23,95.97,94.85,95.4,43469585,56584317.0,1
95.72,96.39,95.21,95.4,37051182,56455961.0,1
95.22,95.88,94.55,94.57,42094183,56191485.0,1
94.58,96.83,94.15,96.54,57404674,56476718.0,0
97.24,98.05,96.35,96.75,77376525,57364049.0,0
96.43,97.71,96.06,96.47,66331592,57553821.0,0
97.04,97.47,95.59,95.59,53583368,57655268.0,1
96.14,96.27,94.4,94.57,63688562,58129879.0,2
93.82,94.96,91.15,93.41,100933600,59029891.0,2
91.51,93.59,91.37,92.19,72154523,59701822.0,2
93.38,94.81,92.71,93.54,68179688,60131195.0,2
94.16,95.73,94.06,95.54,77517279,60844241.0,2
98.66,98.66,96.99,98.14,94623904,62005019.0,2
98.49,99.71,98.26,98.63,68263146,62694382.0,2
99.68,100.61,99.25,100.4,71074674,63477555.0,2
100.73,101.03,100.11,100.77,47053916,63856314.0,2
100.41,101.02,100.27,100.66,34187701,63561048.0,2
100.94,102.22,100.89,102.22,48060949,63570827.0,1
102.14,102.83,101.86,102.8,52687879,63239090.0,1
102.43,102.81,101.42,102.45,40654793,62999930.0,2
103.44,103.47,102.67,103.43,44639285,63224278.0,1
103.64,105.63,103.44,104.77,52282550,63387881.0,1
104.73,104.86,103.16,104.01,41574365,63416474.0,1
104.48,104.68,103.55,104.26,37435905,63502796.0,2
104.46,104.64,103.69,104.55,34968457,63265617.0,2
104.6,105.15,104.41,104.85,33691535,62571652.0,2
104.86,105.16,104.52,104.68,27195547,62224223.0,2
104.55,105.56,104.26,105.52,27442252,61703240.0,2
105.21,107.18,105.2,107.0,46942431,60137427.0,2
107.53,109.12,107.34,108.52,59522855,59615988.0,2
108.83,109.83,108.74,109.82,44063595,59330196.0,2
109.91,112.8,108.98,109.64,46746712,59339574.0,2
109.59,111.28,109.54,111.06,44223978,56432842.0,1
111.04,111.32,109.46,110.3,41869160,55255387.0,2
110.53,112.4,110.47,111.87,43395537,54876236.0,2
113.03,113.08,111.6,112.03,57179298,54767299.0,1
112.39,114.24,112.17,114.1,47450824,54491986.0,0
114.53,115.18,112.97,113.11,68840440,54532431.0,1
113.44,114.56,113.33,114.46,40831886,54131220.0,0
114.72,114.84,113.55,114.39,24814402,53887031.0,0
114.28,114.7,107.02,110.68,83814037,54146541.0,0
109.17,111.33,108.45,110.26,59348940,54279080.0,1
111.33,111.91,110.72,111.51,43063440,53873405.0,0
111.35,112.73,110.89,111.08,42155776,53522017.0,0
111.56,111.65,110.27,110.61,38318895,52297078.0,0
109.75,110.27,107.36,108.11,57664850,52202965.0,0
105.99,109.94,105.18,109.77,60208036,52411799.0,0
110.04,110.47,107.28,107.68,44565318,52197823.0,0
107.98,109.46,107.09,107.36,41471578,51997429.0,1
106.25,107.6,105.4,105.54,56028138,52162835.0,1
106.48,107.34,102.29,104.1,67218082,52637805.0,2
102.31,105.96,102.21,102.67,60790733,53112596.0,2
103.03,105.65,102.74,105.24,53411773,53338948.0,2
107.6,108.35,106.44,108.35,59006218,53370979.0,1
107.98,108.92,107.4,107.52,88429770,53592043.0,1
107.88,109.16,107.7,108.63,45167549,53168763.0,1
108.91,109.01,108.17,108.25,26028419,52617664.0,1
108.28,108.41,107.74,107.74,14479611,51633485.0,0
107.82,110.15,107.74,109.64,33720951,50289232.0,0
109.45,110.39,109.36,109.56,27598920,49398120.0,0
109.3,109.57,107.83,108.23,29881477,48632155.0,0
108.52,108.81,106.0,106.17,41403351,47909877.0,1
107.14,107.19,103.25,105.16,53204626,47081491.0,2
104.16,104.5,101.39,102.2,64285491,47001938.0,2
102.48,103.33,100.64,102.21,65797116,46896387.0,2
103.11,104.07,102.62,103.64,40105934,46757427.0,1
105.06,107.87,104.55,107.62,59364547,47260964.0,0
108.37,108.93,106.0,107.74,53315099,47366047.0,0
108.3,108.33,104.65,105.08,49650790,47305305.0,1
107.18,108.5,104.76,106.02,67091928,47834048.0,1
104.88,106.27,104.36,105.61,48956588,47920394.0,2
105.8,105.86,102.59,102.74,60013996,48075023.0,2
102.95,103.48,101.19,101.95,78513345,48813803.0,2
103.73,104.81,102.44,104.57,49899907,49063083.0,1
104.79,106.82,104.14,105.37,48575897,49335232.0,2
106.05,108.18,105.53,108.11,53796409,49737329.0,2
108.02,109.41,107.28,108.67,46464828,50122715.0,2
109.4,110.0,108.5,108.78,55614979,50686169.0,2
108.13,108.19,104.87,104.98,95568749,51658696.0,2
113.14,113.61,110.91,110.91,146477063,53397780.0,2
111.88,114.64,111.15,114.36,84436432,54205236.0,1
113.88,115.42,112.39,112.69,83745461,54945211.0,1
113.55,114.62,111.65,114.1,62739100,55315514.0,1
113.98,114.55,113.12,114.12,51915749,55516446.0,2
113.98,115.91,113.8,115.0,70149743,56051530.0,2
115.9,116.1,115.15,115.82,42246245,55752869.0,2
115.9,116.12,114.38,114.84,43706567,55677984.0,2
114.48,115.72,114.36,115.61,38889797,55078971.0,2
116.04,117.95,116.03,117.83,62008506,55502503.0,2
118.55,120.63,118.29,120.59,73561797,56477451.0,2
121.73,123.1,121.26,122.12,74474466,56290660.0,2
122.91,122.91,121.33,122.71,54272219,56189125.0,2
123.11,124.45,122.56,123.44,63152405,56590904.0,2
123.24,124.36,123.07,124.29,44891737,56645624.0,1
124.07,124.6,123.92,124.04,37362381,56626493.0,1
124.2,125.05,123.65,125.05,48948419,56452165.0,1
125.55,128.43,125.2,128.43,70974110,56667486.0,0
128.37,129.01,126.66,127.63,69228130,57160743.0,0
127.04,127.08,123.75,124.36,74711746,57825546.0,1
124.36,126.37,122.26,125.93,91287529,58530734.0,0
125.53,126.08,123.83,124.05,62014847,58426669.0,1
124.81,125.8,123.89,124.66,48096663,58172788.0,1
124.53,125.07,123.69,124.92,37816283,57860878.0,0
124.66,125.11,123.91,124.12,31666340,57314080.0,0
124.16,124.33,121.44,122.07,56517146,56675828.0,1
123.99,124.92,121.92,122.25,72842060,57229318.0,0
123.56,125.12,120.76,122.77,88528487,58479319.0,1
122.07,122.85,119.55,120.23,68856582,59566859.0,2
120.46,120.48,117.92,118.04,68938974,60271219.0,2
118.11,120.61,117.45,120.17,48362719,60686495.0,2
120.13,121.09,118.37,119.34,51827283,61125411.0,1
119.62,120.66,118.65,120.66,35874300,61014830.0,1
121.57,122.95,121.33,122.68,51023104,60971200.0,1
122.64,124.72,122.03,124.06,65270945,60990909.0,0
124.33,124.8,123.02,123.12,45809490,60591156.0,0
123.84,123.99,120.86,121.57,68695136,61162940.0,0
122.75,123.46,122.17,122.84,37709674,60729843.0,1
122.86,123.64,122.21,122.34,32842304,60320387.0,1
122.19,122.46,119.14,119.14,51655177,60360475.0,1
118.54,120.59,118.39,119.97,47572869,59970094.0,1
120.29,120.42,118.69,119.02,39546151,59781885.0,2
119.79,122.06,119.74,122.03,47099670,59523598.0,1
121.76,122.14,120.08,120.16,42090553,58795143.0,1
120.53,120.82,118.87,119.98,40621437,58609573.0,1
120.73,121.25,119.92,121.01,32220131,58282458.0,1
120.19,123.13,120.06,122.98,37193975,57950409.0,1
123.26,123.72,121.65,121.68,35012268,57721358.0,1
121.53,122.06,120.68,121.28,37329243,57355643.0,1
121.53,122.23,120.38,122.21,32483974,56093948.0,1
121.62,122.84,120.96,122.73,40187953,53968166.0,1
123.96,124.15,122.26,122.49,36365123,53006739.0,1
122.64,122.92,121.58,121.96,25524593,51842322.0,1
122.07,122.76,121.68,122.42,28970419,51166948.0,1
121.94,122.73,121.78,121.84,28368987,50696013.0,2
121.24,121.81,120.18,120.46,51957046,50332159.0,2
121.26,123.72,120.87,123.22,47054310,50428320.0,2
123.7,123.8,122.32,122.55,32435057,50202890.0,2
122.63,124.44,121.98,124.2,37654505,50178184.0,1
123.89,125.94,123.74,125.22,45770902,49853432.0,0
126.01,126.14,124.79,125.8,44525905,49272715.0,1
127.76,128.56,126.64,128.09,96954207,49722309.0,0
129.84,129.92,125.12,126.07,118923970,51015344.0,0
125.69,127.07,123.89,124.22,63386083,51020018.0,0
123.12,123.49,120.3,120.85,83195423,51786092.0,1
121.77,125.66,121.0,124.52,58512638,52209097.0,1
125.05,126.08,123.85,124.28,50988278,52249894.0,1
123.75,124.04,121.46,121.48,49271416,51815840.0,1
122.21,122.4,119.12,120.72,72141010,51874098.0,1
120.99,122.26,120.26,121.46,43940895,51258681.0,2
122.84,123.75,122.29,123.75,55550382,50543938.0,1
123.53,123.69,121.82,122.49,42035757,50144356.0,2
121.79,123.03,121.04,122.05,48160032,50145623.0,2
122.32,123.33,122.05,122.19,34694235,50083182.0,2
123.55,125.04,123.3,125.04,45203456,50353925.0,1
125.16,125.56,124.32,124.86,38208034,49987742.0,2
124.49,126.76,124.47,126.24,50882918,49548560.0,1
126.73,126.91,125.71,126.13,44633240,48670655.0,1
126.06,127.01,125.42,126.12,36454932,48022622.0,1
126.13,127.64,125.89,127.41,39730364,47438449.0,1
127.61,128.94,127.42,128.52,45595972,47383115.0,1
128.58,128.88,125.2,125.69,70697560,47760520.0,1
126.39,128.25,126.11,128.04,45833246,47959699.0,1
127.86,127.95,127.12,127.78,30733309,47553903.0,1
127.25,127.46,125.96,126.33,50884452,47266173.0,1
127.22,127.41,126.11,126.58,32112797,46992239.0,0
125.92,126.69,125.4,126.02,33667627,46291689.0,1
126.7,126.97,125.96,126.17,30983542,46157167.0,1
125.65,126.62,125.0,125.44,38450118,46269323.0,1
125.57,125.76,124.47,124.75,35626800,45948755.0,1
124.99,125.29,122.98,123.92,52674786,46050794.0,1
122.86,124.2,121.81,123.56,56075420,46381379.0,1
124.04,125.42,123.97,124.97,39087250,46221131.0,1
125.26,126.23,124.58,124.69,35390887,46087137.0,1
124.3,124.44,123.26,123.31,36886246,46012433.0,1
122.28,123.38,121.9,123.07,43988946,46247810.0,1
123.18,123.97,122.54,123.73,31494131,46133813.0,1
123.85,124.0,122.9,123.44,32918071,46091929.0,1
123.37,124.42,123.36,124.0,35407220,46053488.0,1
123.84,123.94,122.57,122.76,54716887,46498147.0,1
123.62,124.18,123.23,123.74,34039345,46375175.0,0
123.61,123.74,123.03,123.18,30268863,46253249.0,1
123.35,125.86,123.26,124.22,55280855,46848375.0,1
124.95,125.28,123.63,123.63,31938100,46907728.0,1
123.8,124.11,122.67,122.91,44066841,47221685.0,1
121.66,122.64,120.7,120.75,49161427,47165773.0,1
121.76,122.3,121.07,121.62,44370682,47112100.0,0
123.05,123.09,122.17,122.76,30238811,47068175.0,0
122.6,122.85,121.96,122.61,27210952,46859304.0,0
121.15,122.4,121.06,122.18,28060431,46505095.0,1
122.07,122.32,120.02,121.88,46946811,46553513.0,1
120.7,120.86,118.82,118.85,60761614,45829661.0,2
120.09,120.3,115.6,116.43,78595038,45023083.0,2
118.24,120.09,117.53,119.54,61354474,44982450.0,2
121.24,121.94,120.55,121.85,41440538,44147353.0,2
122.22,122.54,121.25,121.8,31768139,43612463.0,2
121.91,123.29,121.77,122.97,33649200,43265681.0,1
123.87,124.67,123.49,124.61,36222447,43004702.0,0
125.17,125.69,124.42,125.69,46164710,42485176.0,0
127.0,128.94,126.74,128.06,58900203,42784362.0,0
128.82,128.89,126.37,126.78,76756427,43208483.0,0
118.29,121.69,118.29,121.42,115450607,44676780.0,1
122.37,123.24,121.27,121.36,50999452,44733568.0,0
121.52,121.93,120.14,120.72,42162332,44882930.0,0
119.36,119.86,118.42,119.05,44455540,44867972.0,0
119.64,120.15,118.83,119.64,33618097,44776173.0,0
119.42,119.76,118.56,119.26,37011653,44498748.0,0
118.61,118.85,118.02,118.66,33628268,44278648.0,0
118.88,118.92,117.24,117.62,42884953,44407249.0,0
117.82,118.85,113.96,114.85,69975968,45012161.0,1
113.86,114.13,109.82,111.16,124138623,46583014.0,1
109.52,113.88,108.7,111.9,98384461,47136752.0,1
112.96,113.48,111.16,112.14,52903040,47278148.0,1
111.61,113.24,111.53,112.52,38670405,47436890.0,1
113.51,116.88,113.51,116.62,54951597,47518233.0,0
114.76,115.12,110.39,110.55,97082814,48817633.0,2
109.61,112.43,106.79,112.25,101685610,50177993.0,1
113.03,113.38,111.57,112.16,48535789,50529038.0,0
111.36,113.29,111.05,112.95,42929516,50618626.0,0
113.03,114.6,112.5,114.12,40884745,50723784.0,0
113.41,114.39,113.0,113.48,34560708,50361503.0,0
113.09,113.5,111.71,112.03,48286510,50205725.0,0
111.12,111.38,108.74,109.73,68501622,50794012.0,1
107.57,109.0,102.9,103.02,128275471,52651704.0,2
92.41,105.98,89.61,100.45,162206292,55158105.0,2
108.23,108.23,100.82,101.05,103601599,56350358.0,2
104.31,107.04,102.33,106.84,96774611,57655967.0,2
109.34,110.3,107.17,109.99,84616056,58689927.0,0
109.26,110.37,108.65,110.35,53164407,59045071.0,0
109.22,111.56,109.1,109.84,56229271,59075318.0,1
107.32,108.98,104.58,104.93,76845860,59931449.0,2
107.15,109.43,106.3,109.43,61888812,60563848.0,1
109.57,109.86,107.19,107.51,53233940,60522909.0,2
106.14,107.59,105.7,106.44,49996311,60884074.0,2
108.75,109.64,107.46,109.4,54843626,61099609.0,2
110.81,111.06,106.92,107.29,85010804,61816597.0,2
107.41,110.34,107.05,109.65,62892831,62187040.0,1
108.89,111.25,108.86,111.25,49915473,62580573.0,1
113.56,113.86,111.88,112.32,58363431,63203623.0,1
112.92,113.51,111.45,113.26,43341155,63509237.0,0
113.24,113.52,112.45,113.39,37173489,63313771.0,1
112.66,113.47,110.77,110.97,64112641,63380791.0,1
109.3,111.34,108.97,110.51,74285291,63294596.0,1
110.72,112.38,110.71,112.22,50221965,63071946.0,0
110.44,111.22,109.6,110.46,50346159,63250059.0,0
110.68,111.74,110.36,111.36,35756716,63329830.0,0
110.31,112.5,109.46,112.02,50219475,63661236.0,0
113.42,113.66,111.06,111.74,56151926,64059825.0,0
110.9,111.6,109.52,109.52,50782189,64152175.0,1
109.9,110.57,105.06,106.23,73365384,64441478.0,2
107.31,108.65,105.91,107.1,65041596,64207182.0,1
106.24,106.78,104.53,106.74,63929100,63176752.0,1
105.21,108.14,104.76,107.52,58019758,63317158.0,1
107.03,108.48,106.24,107.91,52064743,63515206.0,1
107.76,108.84,106.92,108.42,48856977,63603235.0,1
108.84,108.87,106.57,107.91,46765550,63866184.0,1
107.33,107.33,105.4,106.66,61979577,64365542.0,2
107.15,109.37,106.65,109.21,52766140,64748300.0,1
109.81,109.83,108.55,108.71,30467204,64499945.0,1
107.95,109.53,107.81,108.89,33049256,63761411.0,1
108.4,108.63,106.72,107.35,44462449,62167887.0,2
108.05,109.19,107.62,108.96,37673452,60953667.0,2
108.88,109.1,107.66,108.16,39232609,60680258.0,2
107.93,108.85,107.25,108.83,29759153,60502033.0,2
108.45,111.21,107.95,110.82,48967763,60382357.0,1
111.04,112.58,110.75,110.81,42326974,59287240.0,2
111.36,112.5,111.14,112.5,41654089,58086609.0,2
113.67,116.14,113.31,115.99,59366914,58303232.0,1
115.02,115.07,111.94,112.29,66333781,58771317.0,2
112.41,113.52,111.03,111.58,69884400,59351310.0,2
113.9,116.21,113.05,116.18,85551352,60371123.0,2
115.62,117.56,115.2,117.4,51227334,60429940.0,1
117.85,118.08,116.35,116.4,49365254,60047212.0,1
116.76,118.21,116.51,118.04,32203267,58125768.0,1
117.66,120.29,117.57,119.39,45518976,55792022.0,0
119.94,120.61,118.47,118.84,44886050,54617711.0,0
119.2,120.02,117.56,118.29,39552680,53473272.0,0
118.47,119.16,118.0,118.42,33042283,52441797.0,0
118.33,119.16,117.44,117.95,33871405,52055937.0,0
114.36,115.5,113.54,114.23,59127931,52113910.0,0
113.84,114.86,112.7,113.58,45217971,51481352.0,1
113.73,114.28,113.13,113.2,32525579,50894087.0,2
112.69,113.06,109.83,109.9,45812403,50745657.0,2
108.96,111.75,108.58,111.69,38106701,50507865.0,2
112.42,112.55,110.85,111.22,27583101,49962654.0,2
113.24,114.93,112.99,114.74,46674697,49195932.0,1
115.08,117.14,114.22,116.2,43295820,48803992.0,1
116.61,117.31,116.26,116.7,34287096,48491424.0,1
116.67,117.12,114.79,115.19,32482528,47973806.0,1
114.78,116.75,114.57,116.29,42803172,47963046.0,0
116.62,116.64,115.35,115.46,21388308,47647343.0,0
115.72,115.83,115.04,115.25,13046445,46626019.0,1
115.42,116.81,115.19,115.72,39180322,45923919.0,1
116.16,116.22,114.32,114.79,34852374,45616528.0,1
114.5,115.54,113.55,113.75,33386563,45277336.0,1
114.01,114.25,111.73,112.69,41569509,45393592.0,1
112.78,116.66,112.6,116.44,57776977,45544742.0,0
116.39,117.25,115.25,115.71,32084249,45063388.0,0
114.96,116.02,114.32,115.66,34309450,44733933.0,0
115.08,115.13,112.58,113.1,46361357,44193853.0,0
113.51,114.4,113.0,113.64,29212727,43477275.0,0
112.68,112.88,110.4,110.72,46886161,43136417.0,0
109.74,110.23,107.4,110.03,65003609,43276094.0,0
109.5,110.34,107.95,108.08,53323105,43301261.0,0
108.65,109.55,106.43,108.92,56238467,43448891.0,0
109.58,109.81,106.61,106.61,44772827,43409036.0,1
106.54,107.14,103.51,103.72,96453327,44098511.0,1
104.94,105.03,103.27,104.99,47590610,43995001.0,1
105.06,105.38,104.13,104.9,32789367,44041444.0,1
104.94,106.48,104.87,106.25,32657354,44033606.0,0
106.63,106.63,105.6,105.68,13596680,43416290.0,0
105.25,105.35,103.87,104.5,26704210,43196906.0,0
104.63,107.05,104.53,106.37,30931243,43030878.0,0
106.22,106.33,104.85,104.98,25213777,42939971.0,0
104.68,104.7,102.54,102.97,40912316,42778862.0,0
100.38,103.08,99.78,103.06,67649387,43285310.0,0
103.45,103.55,100.18,100.48,55790992,43568048.0,0
98.37,100.14,97.7,98.51,68457388,43749858.0,0
96.53,97.95,94.33,94.35,81094428,44045071.0,2
96.4,96.95,94.65,94.85,70798016,44063343.0,1
96.82,96.9,95.22,96.39,49739377,43347103.0,1
98.36,98.5,96.69,97.78,49154227,43305641.0,0
98.14,98.99,95.18,95.27,62439631,43567129.0,1
95.83,98.29,93.66,97.35,63170127,44186466.0,1
